course_name,moduleId,lectureId,lecture_name,english_transcript document_name,YouTubeId
BIOREACTORS,1,1,lec1,lec1.doc,Ou3ovFXT-l8
BIOREACTORS,1,2,lec2,lec2.doc,rowI4Fyu7Go
BIOREACTORS,1,3,lec3,lec3.doc,GDz436gOV04
BIOREACTORS,2,4,lec4,lec4.doc,0WddofiWjmY
BIOREACTORS,2,5,lec5,lec5.doc,nq716I_bFxA
BIOREACTORS,2,6,lec6,lec6.doc,De1ZqdkPO8o
BIOREACTORS,2,7,lec7,lec7.doc,fzkY6e1pOTA
BIOREACTORS,2,8,lec8,lec8.doc,CqtopbB2Igc
BIOREACTORS,2,9,lec9,lec9.doc,PhGBq7I5xtI
BIOREACTORS,3,10,lec10,lec10.doc,Qe3cN6N2t24
BIOREACTORS,3,11,lec11,lec11.doc,TmSxomn7xQs
BIOREACTORS,3,12,lec12,lec12.doc,lEBUqRKzv94
BIOREACTORS,3,13,lec13,lec13.doc,wd7EDse8LUw
BIOREACTORS,3,14,lec14,lec14.doc,NakBHy7HXPU
BIOREACTORS,3,15,lec15,lec15.doc,4QfCux5t7bk
BIOREACTORS,3,16,lec16,lec16.doc,Hvv8NDyJLBc
BIOREACTORS,4,17,lec17,lec17.doc,S49ZhytFyZs
BIOREACTORS,4,18,lec18,lec18.doc,dsRwMtKqEwQ
BIOREACTORS,4,19,lec19,lec19.doc,Iy3uERKAu3g
BIOREACTORS,4,20,lec20,lec20.doc,Fz7qrsouTTM
BIOREACTORS,4,21,lec21,lec21.doc,PvMKm3Mxf1A
BIOMEDICAL NANOTECHNOLOGY,1,1,lec1,lec1.doc,k61wjab7iUs
BIOMEDICAL NANOTECHNOLOGY,1,2,lec2,lec2.doc,AEWqAcSeQm4
BIOMEDICAL NANOTECHNOLOGY,1,3,lec3,lec3.doc,Z51R49OOqAA
BIOMEDICAL NANOTECHNOLOGY,1,4,lec4,lec4.doc,0md5JdAbj4U
BIOMEDICAL NANOTECHNOLOGY,1,5,lec5,lec5.doc,lFYs3XDu4fQ
BIOMEDICAL NANOTECHNOLOGY,2,6,lec6,lec6.doc,ZQf7ewZGZXg
BIOMEDICAL NANOTECHNOLOGY,2,7,lec7,lec7.doc,xA_reALklks
BIOMEDICAL NANOTECHNOLOGY,2,8,lec8,lec8.doc,gCv-0Pw0AE4
BIOMEDICAL NANOTECHNOLOGY,2,9,lec9,lec9.doc,TJRxXpKSKEY
BIOMEDICAL NANOTECHNOLOGY,2,10,lec10,lec10.doc,ZS1QPndpD2w
BIOMEDICAL NANOTECHNOLOGY,3,11,lec11,lec11.doc,zuyIBLmItjQ
BIOMEDICAL NANOTECHNOLOGY,3,12,lec12,lec12.doc,6kmfDNVjRdw
BIOMEDICAL NANOTECHNOLOGY,3,13,lec13,lec13.doc,4S1aqJnVaQE
BIOMEDICAL NANOTECHNOLOGY,3,14,lec14,lec14.doc,1qvhHuy_AYU
BIOMEDICAL NANOTECHNOLOGY,3,15,lec15,lec15.doc,buWr0aafh-s
BIOMEDICAL NANOTECHNOLOGY,4,16,lec16,lec16.doc,WmQqHtUNHiI
BIOMEDICAL NANOTECHNOLOGY,4,17,lec17,lec17.doc,Y4DwnkMoXqo
BIOMEDICAL NANOTECHNOLOGY,4,18,lec18,lec18.doc,x6hjV2RwDis
BIOMEDICAL NANOTECHNOLOGY,4,19,lec19,lec19.doc,-_zYr6XG6Go
BIOMEDICAL NANOTECHNOLOGY,4,20,lec20,lec20.doc,c6lADvpxm2g
PLANT DEVELOPMENTAL BIOLOGY,1,1,lec1,lec1.doc,th5FrZmwAW0
PLANT DEVELOPMENTAL BIOLOGY,1,2,lec2,lec2.doc,6ROkQWTzYH4
PLANT DEVELOPMENTAL BIOLOGY,1,3,lec3,lec3.doc,Kg6yOJPH_AI
PLANT DEVELOPMENTAL BIOLOGY,1,4,lec4,lec4.doc,P3KOGEqZijg
PLANT DEVELOPMENTAL BIOLOGY,1,5,lec5,lec5.doc,bfTWLJ5Seyg
PLANT DEVELOPMENTAL BIOLOGY,2,6,lec6,lec6.doc,WfRlOPrmJpc
PLANT DEVELOPMENTAL BIOLOGY,2,7,lec7,lec7.doc,0z0pNlX0x3c
PLANT DEVELOPMENTAL BIOLOGY,2,8,lec8,lec8.doc,Ir0zA90gYBA
PLANT DEVELOPMENTAL BIOLOGY,2,9,lec9,lec9.doc,qoGptUSFS4A
PLANT DEVELOPMENTAL BIOLOGY,2,10,lec10,lec10.doc,qPieSJHoO6U
PLANT DEVELOPMENTAL BIOLOGY,3,11,lec11,lec11.doc,FKQOU79GrNk
PLANT DEVELOPMENTAL BIOLOGY,3,12,lec12,lec12.doc,6ptkGRCAtVo
PLANT DEVELOPMENTAL BIOLOGY,3,13,lec13,lec13.doc,wD3OLe59nuY
PLANT DEVELOPMENTAL BIOLOGY,3,14,lec14,lec14.doc,X-dPQt7-5ak
PLANT DEVELOPMENTAL BIOLOGY,3,15,lec15,lec15.doc,2P3EzV5IXrw
PLANT DEVELOPMENTAL BIOLOGY,4,16,lec16,lec16.doc,LqKv0M6xGNs
PLANT DEVELOPMENTAL BIOLOGY,4,17,lec17,lec17.doc,QLZiWPqierM
PLANT DEVELOPMENTAL BIOLOGY,4,18,lec18,lec18.doc,Z2wAhXsq4AU
PLANT DEVELOPMENTAL BIOLOGY,4,19,lec19,lec19.doc,tP8syIY57mY
PLANT DEVELOPMENTAL BIOLOGY,4,20,lec20,lec20.doc,A-Zm5gdgiN4
HEAT TRANSFER: 103101137,1,1,lec1,lec1.doc,rxTK_SvSmvs
HEAT TRANSFER: 103101137,1,2,lec2,lec2.doc,Er1GLURinDg
HEAT TRANSFER: 103101137,1,3,lec3,lec3.doc,0L8BRemRMJo
HEAT TRANSFER: 103101137,1,4,lec4,lec4.doc,wiaeVpPUOcM
HEAT TRANSFER: 103101137,1,5,lec5,lec5.doc,-Q22qrAunqU
HEAT TRANSFER: 103101137,2,6,lec6,lec6.doc,zhsSz5Xtkzg
HEAT TRANSFER: 103101137,2,7,lec7,lec7.doc,kSgsTo7hlQo
HEAT TRANSFER: 103101137,2,8,lec8,lec8.doc,IdIN8wwQiwA
HEAT TRANSFER: 103101137,2,9,lec9,lec9.doc,2LaqQhxaXkk
HEAT TRANSFER: 103101137,2,10,lec10,lec10.doc,foxQawlULKA
HEAT TRANSFER: 103101137,3,11,lec11,lec11.doc,a7XOZjEi9JM
HEAT TRANSFER: 103101137,3,12,lec12,lec12.doc,HXA6xHdn3Hs
HEAT TRANSFER: 103101137,3,13,lec13,lec13.doc,Och17wpOYtc
HEAT TRANSFER: 103101137,3,14,lec14,lec14.doc,fUHWCv2THhg
HEAT TRANSFER: 103101137,3,15,lec15,lec15.doc,7VfbZ0WJdnM
HEAT TRANSFER: 103101137,4,16,lec16,lec16.doc,wx16m7UP0D0
HEAT TRANSFER: 103101137,4,17,lec17,lec17.doc,DpQNBRZ_ZMA
HEAT TRANSFER: 103101137,4,18,lec18,lec18.doc,Wj-t-_f2qPk
HEAT TRANSFER: 103101137,4,19,lec19,lec19.doc,HlrOISPb-oc
HEAT TRANSFER: 103101137,4,20,lec20,lec20.doc,fgAYvxIwJ-g
HEAT TRANSFER: 103101137,5,21,lec21,lec21.doc,Ml8l8989kN0
HEAT TRANSFER: 103101137,5,22,lec22,lec22.doc,gr7ujlToot0
HEAT TRANSFER: 103101137,5,23,lec23,lec23.doc,38kpXh8I8x8
HEAT TRANSFER: 103101137,5,24,lec24,lec24.doc,L15JswZASlg
HEAT TRANSFER: 103101137,5,25,lec25,lec25.doc,tRITv6D67pw
HEAT TRANSFER: 103101137,6,26,lec26,lec26.doc,h0-ZR1pqvl0
HEAT TRANSFER: 103101137,6,27,lec27,lec27.doc,HRr52az8q6Q
HEAT TRANSFER: 103101137,6,28,lec28,lec28.doc,_aNfavcKTGk
HEAT TRANSFER: 103101137,6,29,lec29,lec29.doc,MwNRf7TIkIk
HEAT TRANSFER: 103101137,6,30,lec30,lec30.doc,ByKzeEwLYFc
HEAT TRANSFER: 103101137,7,31,lec31,lec31.doc,Cwbacnzo3GU
HEAT TRANSFER: 103101137,7,32,lec32,lec32.doc,MyuVIs9kw6I
HEAT TRANSFER: 103101137,7,33,lec33,lec33.doc,vX8Vd3WBOfM
HEAT TRANSFER: 103101137,7,34,lec34,lec34.doc,PE9MHJ6WjII
HEAT TRANSFER: 103101137,7,35,lec35,lec35.doc,aGjoMSJF69Y
HEAT TRANSFER: 103101137,8,36,lec36,lec36.doc,FwE_muP2pMY
HEAT TRANSFER: 103101137,8,37,lec37,lec37.doc,f30oDZhj6vg
HEAT TRANSFER: 103101137,8,38,lec38,lec38.doc,FeDTHuHjGvQ
HEAT TRANSFER: 103101137,8,39,lec39,lec39.doc,Kv8bRofJkks
HEAT TRANSFER: 103101137,8,40,lec40,lec40.doc,ESJLEmKgk2s
HEAT TRANSFER: 103101137,9,41,lec41,lec41.doc,sb5u1YFuenA
HEAT TRANSFER: 103101137,9,42,lec42,lec42.doc,PYR4SG9j2Xg
HEAT TRANSFER: 103101137,9,43,lec43,lec43.doc,nI1TvJjaYSk
HEAT TRANSFER: 103101137,9,44,lec44,lec44.doc,8_fefA530YI
HEAT TRANSFER: 103101137,9,45,lec45,lec45.doc,HcL2pFASZK8
HEAT TRANSFER: 103101137,10,46,lec46,lec46.doc,aEd9Rj86UoU
HEAT TRANSFER: 103101137,10,47,lec47,lec47.doc,83IOsOXWvW8
HEAT TRANSFER: 103101137,10,48,lec48,lec48.doc,XBIyK6pyc5I
HEAT TRANSFER: 103101137,10,49,lec49,lec49.doc,FbnE50zjDIo
HEAT TRANSFER: 103101137,10,50,lec50,lec50.doc,h7_956645yk
HEAT TRANSFER: 103101137,11,51,lec51,lec51.doc,NRMzKg3pGKw
HEAT TRANSFER: 103101137,11,52,lec52,lec52.doc,6GleVsikwxg
HEAT TRANSFER: 103101137,11,53,lec53,lec53.doc,Tli4rAzzOI8
HEAT TRANSFER: 103101137,11,54,lec54,lec54.doc,VwixcKFyiqU
HEAT TRANSFER: 103101137,11,55,lec55,lec55.doc,bTLr-tqfPps
HEAT TRANSFER: 103101137,12,56,lec56,lec56.doc,8rcR_tUJuMk
HEAT TRANSFER: 103101137,12,57,lec57,lec57.doc,oOyYMLMQOJs
HEAT TRANSFER: 103101137,12,58,lec58,lec58.doc,8BY9YOFvBjY
HEAT TRANSFER: 103101137,12,59,lec59,lec59.doc,v1cHu6omiRU
HEAT TRANSFER: 103101137,12,60,lec60,lec60.doc,OPrHXFH2nYQ
TRANSPORT PHENOMENA (VIDEO),1,1,lec1,lec1.doc,KBa240ehOus
TRANSPORT PHENOMENA (VIDEO),1,2,lec2,lec2.doc,7-Uof2HGm1c
TRANSPORT PHENOMENA (VIDEO),1,3,lec3,lec3.doc,WCsvRuG1gPk
TRANSPORT PHENOMENA (VIDEO),1,4,lec4,lec4.doc,nZ7ZlYRBK_8
TRANSPORT PHENOMENA (VIDEO),1,5,lec5,lec5.doc,2DHR96x21GY
TRANSPORT PHENOMENA (VIDEO),2,6,lec6,lec6.doc,sMsw8BPT578
TRANSPORT PHENOMENA (VIDEO),2,7,lec7,lec7.doc,F0ziG6UiOlA
TRANSPORT PHENOMENA (VIDEO),2,8,lec8,lec8.doc,YihIVIZ9_yg
TRANSPORT PHENOMENA (VIDEO),2,9,lec9,lec9.doc,1YtOWDiTJPc
TRANSPORT PHENOMENA (VIDEO),2,10,lec10,lec10.doc,wmNb-t8-l3U
TRANSPORT PHENOMENA (VIDEO),3,11,lec11,lec11.doc,UA9NXNhW3x8
TRANSPORT PHENOMENA (VIDEO),3,12,lec12,lec12.doc,F0qzXz2OnEA
TRANSPORT PHENOMENA (VIDEO),3,13,lec13,lec13.doc,Hn2O9_QqF1A
TRANSPORT PHENOMENA (VIDEO),3,14,lec14,lec14.doc,cjOA_ATHNT4
TRANSPORT PHENOMENA (VIDEO),3,15,lec15,lec15.doc,KTws2VSXRBE
TRANSPORT PHENOMENA (VIDEO),4,16,lec16,lec16.doc,MD9XV98RZnI
TRANSPORT PHENOMENA (VIDEO),4,17,lec17,lec17.doc,hx2KxiKmtMo
TRANSPORT PHENOMENA (VIDEO),4,18,lec18,lec18.doc,nOmwJVz04SI
TRANSPORT PHENOMENA (VIDEO),4,19,lec19,lec19.doc,TYeb7A7kFuQ
TRANSPORT PHENOMENA (VIDEO),4,20,lec20,lec20.doc,qXfUe5Cqugo
TRANSPORT PHENOMENA (VIDEO),5,21,lec21,lec21.doc,lveh9Lm8YFU
TRANSPORT PHENOMENA (VIDEO),5,22,lec22,lec22.doc,pZa6fr4wa_8
TRANSPORT PHENOMENA (VIDEO),5,23,lec23,lec23.doc,wV55QViGHeM
TRANSPORT PHENOMENA (VIDEO),5,24,lec24,lec24.doc,IHH2Xrq8LuY
TRANSPORT PHENOMENA (VIDEO),5,25,lec25,lec25.doc,_7AFR_JbWPc
TRANSPORT PHENOMENA (VIDEO),6,26,lec26,lec26.doc,YsrigdWCII8
TRANSPORT PHENOMENA (VIDEO),6,27,lec27,lec27.doc,J8UVmdgcO7s
TRANSPORT PHENOMENA (VIDEO),6,28,lec28,lec28.doc,Jd2SX-JJ97A
TRANSPORT PHENOMENA (VIDEO),6,29,lec29,lec29.doc,LfM2bXjsheQ
TRANSPORT PHENOMENA (VIDEO),6,30,lec30,lec30.doc,8FqHLZQduak
TRANSPORT PHENOMENA (VIDEO),7,31,lec31,lec31.doc,AndCKkFIkWc
TRANSPORT PHENOMENA (VIDEO),7,32,lec32,lec32.doc,IyWFTNZqRlg
TRANSPORT PHENOMENA (VIDEO),7,33,lec33,lec33.doc,T34RUOuvKkA
TRANSPORT PHENOMENA (VIDEO),7,34,lec34,lec34.doc,PNaWyKIES8Y
TRANSPORT PHENOMENA (VIDEO),7,35,lec35,lec35.doc,ko_og1-cZl8
TRANSPORT PHENOMENA (VIDEO),8,36,lec36,lec36.doc,AeYNSiCtSG4
TRANSPORT PHENOMENA (VIDEO),8,37,lec37,lec37.doc,frFwJCcEwvM
TRANSPORT PHENOMENA (VIDEO),8,38,lec38,lec38.doc,MFP_er7iNro
TRANSPORT PHENOMENA (VIDEO),8,39,lec39,lec39.doc,J9rM-vl7ViA
TRANSPORT PHENOMENA (VIDEO),8,40,lec40,lec40.doc,e3gTQ_xh-SY
TRANSPORT PHENOMENA (VIDEO),9,41,lec41,lec41.doc,S6uw2xZrJ3s
TRANSPORT PHENOMENA (VIDEO),9,42,lec42,lec42.doc,_bI5ewWbR_U
TRANSPORT PHENOMENA (VIDEO),9,43,lec43,lec43.doc,08hz9QbO3Zg
TRANSPORT PHENOMENA (VIDEO),9,44,lec44,lec44.doc,JE14loROqgk
TRANSPORT PHENOMENA (VIDEO),9,45,lec45,lec45.doc,BDtcT5eWLnY
TRANSPORT PHENOMENA (VIDEO),10,46,lec46,lec46.doc,2JTABqCgAqs
TRANSPORT PHENOMENA (VIDEO),10,47,lec47,lec47.doc,U494eG-Tuk0
TRANSPORT PHENOMENA (VIDEO),10,48,lec48,lec48.doc,dY-ficSV_4o
TRANSPORT PHENOMENA (VIDEO),10,49,lec49,lec49.doc,Ain8fOLvi4U
TRANSPORT PHENOMENA (VIDEO),10,50,lec50,lec50.doc,fkPRxT_smnc
TRANSPORT PHENOMENA (VIDEO),11,51,lec51,lec51.doc,F9rpTpL92qY
TRANSPORT PHENOMENA (VIDEO),11,52,lec52,lec52.doc,YO9Ifv6W5TM
TRANSPORT PHENOMENA (VIDEO),11,53,lec53,lec53.doc,GMGQa_krZEY
TRANSPORT PHENOMENA (VIDEO),11,54,lec54,lec54.doc,bd009268saQ
TRANSPORT PHENOMENA (VIDEO),11,55,lec55,lec55.doc,1KFqqcG8fPk
TRANSPORT PHENOMENA (VIDEO),12,56,lec56,lec56.doc,MXH2DNOiEYI
TRANSPORT PHENOMENA (VIDEO),12,57,lec57,lec57.doc,AMVm1vUXnhc
TRANSPORT PHENOMENA (VIDEO),12,58,lec58,lec58.doc,z8ZRFKivQa4
TRANSPORT PHENOMENA (VIDEO),12,59,lec59,lec59.doc,Gb8eBjrWJ5c
TRANSPORT PHENOMENA (VIDEO),12,60,lec60,lec60.doc,zJ807NufU28
HEAT TRANSFER: 103105140,1,1,lec1,lec1.doc,6Zpf3YpkNCM
HEAT TRANSFER: 103105140,1,2,lec2,lec2.doc,hZBpV_QVJ3Y
HEAT TRANSFER: 103105140,1,3,lec3,lec3.doc,ROJ5nMvCbwM
HEAT TRANSFER: 103105140,1,4,lec4,lec4.doc,hz058PnzUCE
HEAT TRANSFER: 103105140,1,5,lec5,lec5.doc,o7Mq4Rdyd1k
HEAT TRANSFER: 103105140,2,6,lec6,lec6.doc,SAxmX57czMk
HEAT TRANSFER: 103105140,2,7,lec7,lec7.doc,qVmYGVv5-dg
HEAT TRANSFER: 103105140,2,8,lec8,lec8.doc,OFbdw-7wWbY
HEAT TRANSFER: 103105140,2,9,lec9,lec9.doc,DO1wJwD6I_E
HEAT TRANSFER: 103105140,2,10,lec10,lec10.doc,g6_H1GOxad4
HEAT TRANSFER: 103105140,3,11,lec11,lec11.doc,cOoq41vOono
HEAT TRANSFER: 103105140,3,12,lec12,lec12.doc,W1m036J7qXU
HEAT TRANSFER: 103105140,3,13,lec13,lec13.doc,M0tkQjzH3MQ
HEAT TRANSFER: 103105140,3,14,lec14,lec14.doc,vV5Bxjg7p38
HEAT TRANSFER: 103105140,3,15,lec15,lec15.doc,8TBY2WskBFk
HEAT TRANSFER: 103105140,4,16,lec16,lec16.doc,6yOrEXN2mjM
HEAT TRANSFER: 103105140,4,17,lec17,lec17.doc,WD9wcY2e3CQ
HEAT TRANSFER: 103105140,4,18,lec18,lec18.doc,kwQaY0P8o6U
HEAT TRANSFER: 103105140,4,19,lec19,lec19.doc,Q2oIdF2WQGw
HEAT TRANSFER: 103105140,4,20,lec20,lec20.doc,lEwVJ-vilwE
HEAT TRANSFER: 103105140,5,21,lec21,lec21.doc,DM6JsKh-o60
HEAT TRANSFER: 103105140,5,22,lec22,lec22.doc,C5omdjSfft4
HEAT TRANSFER: 103105140,5,23,lec23,lec23.doc,_UYDUbBd0-4
HEAT TRANSFER: 103105140,5,24,lec24,lec24.doc,_-hSXzoAwH8
HEAT TRANSFER: 103105140,5,25,lec25,lec25.doc,XZaZ7z3uRQw
HEAT TRANSFER: 103105140,6,26,lec26,lec26.doc,O8XT3D67oDU
HEAT TRANSFER: 103105140,6,27,lec27,lec27.doc,SczCqkFvGM4
HEAT TRANSFER: 103105140,6,28,lec28,lec28.doc,EOOnjMpjhMk
HEAT TRANSFER: 103105140,6,29,lec29,lec29.doc,z-4WTdDxGtg
HEAT TRANSFER: 103105140,6,30,lec30,lec30.doc,KGNF2f7s8I0
HEAT TRANSFER: 103105140,7,31,lec31,lec31.doc,rqX3gGvh5eA
HEAT TRANSFER: 103105140,7,32,lec32,lec32.doc,WMUV8Nm1yJc
HEAT TRANSFER: 103105140,7,33,lec33,lec33.doc,3c-s6Oy6sQ0
HEAT TRANSFER: 103105140,7,34,lec34,lec34.doc,9RHjRjXhKGY
HEAT TRANSFER: 103105140,7,35,lec35,lec35.doc,k9N1YSpr_yQ
HEAT TRANSFER: 103105140,8,36,lec36,lec36.doc,LRAMoEMM3RQ
HEAT TRANSFER: 103105140,8,37,lec37,lec37.doc,FtGnWzYj2Qc
HEAT TRANSFER: 103105140,8,38,lec38,lec38.doc,KgFogFZZnEo
HEAT TRANSFER: 103105140,8,39,lec39,lec39.doc,BPejfz58RDs
HEAT TRANSFER: 103105140,8,40,lec40,lec40.doc,4xLlwrIn1h4
HEAT TRANSFER: 103105140,9,41,lec41,lec41.doc,h4HgL8rz6ms
HEAT TRANSFER: 103105140,9,42,lec42,lec42.doc,o_hEce2POtU
HEAT TRANSFER: 103105140,9,43,lec43,lec43.doc,Ofh46A3_8dU
HEAT TRANSFER: 103105140,9,44,lec44,lec44.doc,GaDXcv1atfU
HEAT TRANSFER: 103105140,9,45,lec45,lec45.doc,F7qNl8BfxsE
HEAT TRANSFER: 103105140,10,46,lec46,lec46.doc,o92cmYseCrA
HEAT TRANSFER: 103105140,10,47,lec47,lec47.doc,Plt8h0UjU_E
HEAT TRANSFER: 103105140,10,48,lec48,lec48.doc,GWKNKxERoyk
HEAT TRANSFER: 103105140,10,49,lec49,lec49.doc,FkZoMnTpwyY
HEAT TRANSFER: 103105140,10,50,lec50,lec50.doc,TIFGm-QusM4
HEAT TRANSFER: 103105140,11,51,lec51,lec51.doc,5o91GiS5uHE
HEAT TRANSFER: 103105140,11,52,lec52,lec52.doc,aPfyjVKRPjU
HEAT TRANSFER: 103105140,11,53,lec53,lec53.doc,5B0sCaXpcVk
HEAT TRANSFER: 103105140,11,54,lec54,lec54.doc,hY9-YgAmNig
HEAT TRANSFER: 103105140,11,55,lec55,lec55.doc,JKv0ijokm-E
HEAT TRANSFER: 103105140,12,56,lec56,lec56.doc,D-hTqi2CUJQ
HEAT TRANSFER: 103105140,12,56,lec56,lec56.doc,D-hTqi2CUJQ
HEAT TRANSFER: 103105140,12,57,lec57,lec57.doc,kkzAuU5Pbdw
HEAT TRANSFER: 103105140,12,57,lec57,lec57.doc,kkzAuU5Pbdw
HEAT TRANSFER: 103105140,12,58,lec58,lec58.doc,sFN43eMCT7A
HEAT TRANSFER: 103105140,12,58,lec58,lec58.doc,sFN43eMCT7A
HEAT TRANSFER: 103105140,12,59,lec59,lec59.doc,67PfCRGGY8c
HEAT TRANSFER: 103105140,12,59,lec59,lec59.doc,67PfCRGGY8c
HEAT TRANSFER: 103105140,12,60,lec60,lec60.doc,A_eDYAZaDRA
HEAT TRANSFER: 103105140,12,60,lec60,lec60.doc,A_eDYAZaDRA
INTRODUCTION TO PROGRAMMING IN C,1,1,lec1,lec1.doc,XTiIiI-LOY8&t
INTRODUCTION TO PROGRAMMING IN C,1,2,lec2,lec2.doc,qSacuVNWdtI
INTRODUCTION TO PROGRAMMING IN C,1,3,lec3,lec3.doc,kb0MG6oUCTw
INTRODUCTION TO PROGRAMMING IN C,1,4,lec4,lec4.doc,VSU7EaHMzl8
INTRODUCTION TO PROGRAMMING IN C,1,5,lec5,lec5.doc,p5MRUoEv5bw
INTRODUCTION TO PROGRAMMING IN C,1,6,lec6,lec6.doc,wiY0O_tHyrI
INTRODUCTION TO PROGRAMMING IN C,1,7,lec7,lec7.doc,Io-kyjHI3vM
INTRODUCTION TO PROGRAMMING IN C,1,8,lec8,lec8.doc,kPmjbGDqqbc
INTRODUCTION TO PROGRAMMING IN C,1,9,lec9,lec9.doc,rNC9SSfQHDg
INTRODUCTION TO PROGRAMMING IN C,1,10,lec10,lec10.doc,SNJRl_xrdBM
INTRODUCTION TO PROGRAMMING IN C,1,11,lec11,lec11.doc,R5RCwgc-aIo
INTRODUCTION TO PROGRAMMING IN C,1,12,lec12,lec12.doc,9TbaxpOU7sc
INTRODUCTION TO PROGRAMMING IN C,1,13,lec13,lec13.doc,kZfrZVPBN9I
INTRODUCTION TO PROGRAMMING IN C,1,14,lec14,lec14.doc,rz3hVtUuce0
INTRODUCTION TO PROGRAMMING IN C,1,15,lec15,lec15.doc,bclqfVCDmqU
INTRODUCTION TO PROGRAMMING IN C,1,16,lec16,lec16.doc,jmkubHE21Dg
INTRODUCTION TO PROGRAMMING IN C,1,17,lec17,lec17.doc,BZwdn-t_unY
INTRODUCTION TO PROGRAMMING IN C,1,18,lec18,lec18.doc,CxkPH74fVBo
INTRODUCTION TO PROGRAMMING IN C,1,19,lec19,lec19.doc,2rOTRYysy9k
INTRODUCTION TO PROGRAMMING IN C,1,20,lec20,lec20.doc,0GJD1Cu4Koc
INTRODUCTION TO PROGRAMMING IN C,1,21,lec21,lec21.doc,3TxUEG0GEfE
INTRODUCTION TO PROGRAMMING IN C,1,22,lec22,lec22.doc,yR_TtUewW8k
INTRODUCTION TO PROGRAMMING IN C,1,23,lec23,lec23.doc,ratLX4bQwe8
INTRODUCTION TO PROGRAMMING IN C,1,24,lec24,lec24.doc,qSGZzPZDs_M
INTRODUCTION TO PROGRAMMING IN C,1,25,lec25,lec25.doc,CUBwN0rHxvg
INTRODUCTION TO PROGRAMMING IN C,1,26,lec26,lec26.doc,8TsCAWdf3qY
INTRODUCTION TO PROGRAMMING IN C,1,27,lec27,lec27.doc,tiiORnZSqjU
INTRODUCTION TO PROGRAMMING IN C,1,28,lec28,lec28.doc,TMlAyzez-B0
INTRODUCTION TO PROGRAMMING IN C,1,29,lec29,lec29.doc,CY6GvNtSxdI
INTRODUCTION TO PROGRAMMING IN C,1,30,lec30,lec30.doc,tWqmJbU42Jg
INTRODUCTION TO PROGRAMMING IN C,1,31,lec31,lec31.doc,ErvPzE4Crpg
INTRODUCTION TO PROGRAMMING IN C,1,32,lec32,lec32.doc,vbqEsRYpSh8
INTRODUCTION TO PROGRAMMING IN C,1,33,lec33,lec33.doc,7tanM-2DTnE
INTRODUCTION TO PROGRAMMING IN C,1,34,lec34,lec34.doc,mgo4a1NBkcY
INTRODUCTION TO PROGRAMMING IN C,1,35,lec35,lec35.doc,k2yfcaABd5s
INTRODUCTION TO PROGRAMMING IN C,1,36,lec36,lec36.doc,JlooWuQBvms
INTRODUCTION TO PROGRAMMING IN C,1,37,lec37,lec37.doc,0HpKliYYRn4
INTRODUCTION TO PROGRAMMING IN C,1,38,lec38,lec38.doc,Y2Rtx_5iI8k
INTRODUCTION TO PROGRAMMING IN C,1,39,lec39,lec39.doc,xcAoFA3oiJ8
INTRODUCTION TO PROGRAMMING IN C,1,40,lec40,lec40.doc,L8x8cqLyol0
INTRODUCTION TO PROGRAMMING IN C,1,41,lec41,lec41.doc,_jp9DFGyaXo
INTRODUCTION TO PROGRAMMING IN C,1,42,lec42,lec42.doc,DxrhZJAwYY4
INTRODUCTION TO PROGRAMMING IN C,1,43,lec43,lec43.doc,xHz3sc6tLDk
INTRODUCTION TO PROGRAMMING IN C,1,44,lec44,lec44.doc,IRvQt9yaBDs
INTRODUCTION TO PROGRAMMING IN C,1,45,lec45,lec45.doc,ELD-9Wh885k
INTRODUCTION TO PROGRAMMING IN C,1,46,lec46,lec46.doc,uniuE6i-8GI
INTRODUCTION TO PROGRAMMING IN C,1,47,lec47,lec47.doc,fWOnJFzOHYM
INTRODUCTION TO PROGRAMMING IN C,1,48,lec48,lec48.doc,GU_nh88dSDc
INTRODUCTION TO PROGRAMMING IN C,1,49,lec49,lec49.doc,Pg49AN6MvhQ
INTRODUCTION TO PROGRAMMING IN C,1,50,lec50,lec50.doc,ZFHB8wudqkA
INTRODUCTION TO PROGRAMMING IN C,1,51,lec51,lec51.doc,4bruEt9UDCk
INTRODUCTION TO PROGRAMMING IN C,1,52,lec52,lec52.doc,GHOcfs1ZCYs
INTRODUCTION TO PROGRAMMING IN C,1,53,lec53,lec53.doc,0a_23k0__Ic
INTRODUCTION TO PROGRAMMING IN C,1,54,lec54,lec54.doc,DoMlbNuI7dI
INTRODUCTION TO PROGRAMMING IN C,1,55,lec55,lec55.doc,bp5KojkY02g
INTRODUCTION TO PROGRAMMING IN C,1,56,lec56,lec56.doc,-p1QxEyR2Ws
INTRODUCTION TO PROGRAMMING IN C,1,57,lec57,lec57.doc,mnPbAtFhjgk
INTRODUCTION TO PROGRAMMING IN C,1,58,lec58,lec58.doc,wOvVQXYuBvk
INTRODUCTION TO PROGRAMMING IN C,1,59,lec59,lec59.doc,gI-PoYUOGnE
PROGRAMMING IN C++,1,1,lec1,lec1.doc,KG4hjVDw-p8
PROGRAMMING IN C++,1,2,lec2,lec2.doc,ubKxyn4WTs8
PROGRAMMING IN C++,1,3,lec3,lec3.doc,M9ArEaQIGpw
PROGRAMMING IN C++,1,4,lec4,lec4.doc,1sibb2PGR-Q
PROGRAMMING IN C++,1,5,lec5,lec5.doc,3ZgDx-0oGQQ
PROGRAMMING IN C++,1,6,lec6,lec6.doc,0GWWQoMY5Mk
PROGRAMMING IN C++,1,7,lec7,lec7.doc,aG0HjeXBUDU
PROGRAMMING IN C++,2,8,lec8,lec8.doc,Lxg-Qkr6YkE
PROGRAMMING IN C++,2,9,lec9,lec9.doc,pX6LufLso2M
PROGRAMMING IN C++,2,10,lec10,lec10.doc,bFRalJVopZA
PROGRAMMING IN C++,2,11,lec11,lec11.doc,GtsBZ5e1-cE
PROGRAMMING IN C++,2,12,lec12,lec12.doc,uJGmGAShHeU
PROGRAMMING IN C++,2,13,lec13,lec13.doc,fc2SjmrP67A
PROGRAMMING IN C++,2,14,lec14,lec14.doc,N4gpIkQKUbc
PROGRAMMING IN C++,2,15,lec15,lec15.doc,ggq0U3u0qSA
PROGRAMMING IN C++,2,16,lec16,lec16.doc,0jpOwe4d-FE
PROGRAMMING IN C++,2,17,lec17,lec17.doc,lkFK2X6qIc0
PROGRAMMING IN C++,2,18,lec18,lec18.doc,5kZrXXPfvns
PROGRAMMING IN C++,3,19,lec19,lec19.doc,1puaGnJ9pyA
PROGRAMMING IN C++,3,20,lec20,lec20.doc,urux5ZxeO3k
PROGRAMMING IN C++,3,21,lec21,lec21.doc,6ki_W7cXdM0
PROGRAMMING IN C++,3,22,lec22,lec22.doc,18dWcNZ7mR0
PROGRAMMING IN C++,3,23,lec23,lec23.doc,wtuks_f3vP4
PROGRAMMING IN C++,3,24,lec24,lec24.doc,Dgv9ErvGnLo
PROGRAMMING IN C++,3,25,lec25,lec25.doc,45uo_2It9dw
PROGRAMMING IN C++,3,26,lec26,lec26.doc,jXTTOZUT1iU
PROGRAMMING IN C++,3,27,lec27,lec27.doc,ZWrUldXUpbw
PROGRAMMING IN C++,3,28,lec28,lec28.doc,si8HRtDgI1A
PROGRAMMING IN C++,3,29,lec29,lec29.doc,apdzg2A90CI
PROGRAMMING IN C++,3,30,lec30,lec30.doc,_8-su7gHFvo
PROGRAMMING IN C++,4,31,lec31,lec31.doc,l1JYbPhh9Vw
PROGRAMMING IN C++,4,32,lec32,lec32.doc,gh51t49tKUQ
PROGRAMMING IN C++,4,33,lec33,lec33.doc,Z30jsw8r7bY
PROGRAMMING IN C++,4,34,lec34,lec34.doc,JPtXZblI1sg
PROGRAMMING IN C++,4,35,lec35,lec35.doc,DOhMUTHrdJI
PROGRAMMING IN C++,5,36,lec36,lec36.doc,YraxnPsxZgc
PROGRAMMING IN C++,5,37,lec37,lec37.doc,dLpoq_00DjU
PROGRAMMING IN C++,5,38,lec38,lec38.doc,krvOPHuHli8
PROGRAMMING IN C++,5,39,lec39,lec39.doc,W86GWWSvsr0
PROGRAMMING IN C++,5,40,lec40,lec40.doc,fAiaNjbWsDM
PROGRAMMING IN C++,6,41,lec41,lec41.doc,ZMKnEsTxN6w
PROGRAMMING IN C++,6,42,lec42,lec42.doc,HFeIaDqjyH4
PROGRAMMING IN C++,6,43,lec43,lec43.doc,TF5mzUmAza4
PROGRAMMING IN C++,6,44,lec44,lec44.doc,QZu133Opz9U
PROGRAMMING IN C++,6,45,lec45,lec45.doc,qtKLNlB-p-w
PROGRAMMING IN C++,7,46,lec46,lec46.doc,wwgGygjeBbo
PROGRAMMING IN C++,7,47,lec47,lec47.doc,mbNHtR1YRek
PROGRAMMING IN C++,7,48,lec48,lec48.doc,hrJ-DSrmuJc
PROGRAMMING IN C++,7,49,lec49,lec49.doc,VjQPVzxMzYI
PROGRAMMING IN C++,7,50,lec50,lec50.doc,SWavU8klosU
PROGRAMMING IN C++,8,51,lec51,lec51.doc,1HE5dACnRZs
PROGRAMMING IN C++,8,52,lec52,lec52.doc,V9t_Ar1nHV4
PROGRAMMING IN C++,8,53,lec53,lec53.doc,iTGH6qSCy2I
PROGRAMMING IN C++,8,54,lec54,lec54.doc,ftWo7XprG5k
PROGRAMMING IN C++,8,55,lec55,lec55.doc,MNoPTVrsXZs
PROGRAMMING IN C++,8,56,lec56,lec56.doc,3mCi_spXEI8
DATABASE MANAGEMENT SYSTEM,1,1,lec1,lec1.doc,SkT7jhPAQOE
DATABASE MANAGEMENT SYSTEM,1,2,lec2,lec2.doc,OWX4RvijwLw
DATABASE MANAGEMENT SYSTEM,1,3,lec3,lec3.doc,rrG7azSlyWI
DATABASE MANAGEMENT SYSTEM,1,4,lec4,lec4.doc,DRSog3SA4-Y
DATABASE MANAGEMENT SYSTEM,1,5,lec5,lec5.doc,uLkNWOKdUXA
DATABASE MANAGEMENT SYSTEM,2,6,lec6,lec6.doc,w1XdPholzWY
DATABASE MANAGEMENT SYSTEM,2,7,lec7,lec7.doc,ywUn5qNmxNo
DATABASE MANAGEMENT SYSTEM,2,8,lec8,lec8.doc,fsDBUDKC_iM
DATABASE MANAGEMENT SYSTEM,2,9,lec9,lec9.doc,A0h9DFU0xEc
DATABASE MANAGEMENT SYSTEM,2,10,lec10,lec10.doc,xACa5cEeUBg
DATABASE MANAGEMENT SYSTEM,3,11,lec11,lec11.doc,B9tS_JNbW00
DATABASE MANAGEMENT SYSTEM,3,12,lec12,lec12.doc,iHrvzgQxybY
DATABASE MANAGEMENT SYSTEM,3,13,lec13,lec13.doc,cx7rBTS2dBM
DATABASE MANAGEMENT SYSTEM,3,14,lec14,lec14.doc,pm_Tr3eZAac
DATABASE MANAGEMENT SYSTEM,3,15,lec15,lec15.doc,LMAELfNAGF4
DATABASE MANAGEMENT SYSTEM,4,16,lec16,lec16.doc,K5jqNjnE-pE
DATABASE MANAGEMENT SYSTEM,4,17,lec17,lec17.doc,9-uqoJK6KPc
DATABASE MANAGEMENT SYSTEM,4,18,lec18,lec18.doc,vdd-fDCypTc
DATABASE MANAGEMENT SYSTEM,4,19,lec19,lec19.doc,EnTIVJi4bW4
DATABASE MANAGEMENT SYSTEM,4,20,lec20,lec20.doc,qz0bimEpdQo
DATABASE MANAGEMENT SYSTEM,5,21,lec21,lec21.doc,Uu8tzXL1UZI
DATABASE MANAGEMENT SYSTEM,5,22,lec22,lec22.doc,opewcCTXgcw
DATABASE MANAGEMENT SYSTEM,5,23,lec23,lec23.doc,tg9pOGbAYZE
DATABASE MANAGEMENT SYSTEM,5,24,lec24,lec24.doc,1IWtpmIniHQ
DATABASE MANAGEMENT SYSTEM,5,25,lec25,lec25.doc,QX2AfS5TDB4
DATABASE MANAGEMENT SYSTEM,6,26,lec26,lec26.doc,PYsA4xTL3e4
DATABASE MANAGEMENT SYSTEM,6,27,lec27,lec27.doc,vTjDOfKbCBY
DATABASE MANAGEMENT SYSTEM,6,28,lec28,lec28.doc,xWXfAFr2k3U
DATABASE MANAGEMENT SYSTEM,6,29,lec29,lec29.doc,Wo6_yxO9kPk
DATABASE MANAGEMENT SYSTEM,6,30,lec30,lec30.doc,9TCj_f0TVQM
DATABASE MANAGEMENT SYSTEM,7,31,lec31,lec31.doc,TyT_MuPHG3g
DATABASE MANAGEMENT SYSTEM,7,32,lec32,lec32.doc,h3LekjFg2uY
DATABASE MANAGEMENT SYSTEM,7,33,lec33,lec33.doc,1d4BFaIQDIA
DATABASE MANAGEMENT SYSTEM,7,34,lec34,lec34.doc,L0m4k1ApZtA
DATABASE MANAGEMENT SYSTEM,7,35,lec35,lec35.doc,TVPSuTgfaSk
DATABASE MANAGEMENT SYSTEM,8,36,lec36,lec36.doc,rjcM9_r656g
DATABASE MANAGEMENT SYSTEM,8,37,lec37,lec37.doc,AouTGmRqa3E
DATABASE MANAGEMENT SYSTEM,8,38,lec38,lec38.doc,Sn_Wkf9KNEg
DATABASE MANAGEMENT SYSTEM,8,39,lec39,lec39.doc,uGMnOgOSmmI
DATABASE MANAGEMENT SYSTEM,8,40,lec40,lec40.doc,ZI4bwd1njjI
DATABASE MANAGEMENT SYSTEM,9,41,lec41,lec41.doc,BZgDsGj1CGA
DATABASE MANAGEMENT SYSTEM,9,42,lec42,lec42.doc,wDQt66pIIDA
COMPUTER NETWORKS AND INTERNET PROTOCOL,1,1,lec1,lec1.doc,lnU-Zw3NEEQ
COMPUTER NETWORKS AND INTERNET PROTOCOL,1,2,lec2,lec2.doc,29Qdz0FmvmQ
COMPUTER NETWORKS AND INTERNET PROTOCOL,1,3,lec3,lec3.doc,b6f9vh3cd6w
COMPUTER NETWORKS AND INTERNET PROTOCOL,1,4,lec4,lec4.doc,8BK70UDgyrc
COMPUTER NETWORKS AND INTERNET PROTOCOL,1,5,lec5,lec5.doc,5AHp0f0489E
COMPUTER NETWORKS AND INTERNET PROTOCOL,2,6,lec6,lec6.doc,JsUzPkOxZfA
COMPUTER NETWORKS AND INTERNET PROTOCOL,2,7,lec7,lec7.doc,6uzEsZNUfmk
COMPUTER NETWORKS AND INTERNET PROTOCOL,2,8,lec8,lec8.doc,qZlMS4yJM-E
COMPUTER NETWORKS AND INTERNET PROTOCOL,2,9,lec9,lec9.doc,rNhTsdxHeXI
COMPUTER NETWORKS AND INTERNET PROTOCOL,2,10,lec10,lec10.doc,YkE2ps9IcUQ
COMPUTER NETWORKS AND INTERNET PROTOCOL,3,11,lec11,lec11.doc,8-3CSAkscYU
COMPUTER NETWORKS AND INTERNET PROTOCOL,3,12,lec12,lec12.doc,fBPDLGwfSUM
COMPUTER NETWORKS AND INTERNET PROTOCOL,3,13,lec13,lec13.doc,c8Wv3b7f9XY
COMPUTER NETWORKS AND INTERNET PROTOCOL,3,14,lec14,lec14.doc,qclg6FY-FGM
COMPUTER NETWORKS AND INTERNET PROTOCOL,3,15,lec15,lec15.doc,VUdfS70puWI
COMPUTER NETWORKS AND INTERNET PROTOCOL,4,16,lec16,lec16.doc,bKHRbqwkMkg
COMPUTER NETWORKS AND INTERNET PROTOCOL,4,17,lec17,lec17.doc,b-nCA0tZU-0
COMPUTER NETWORKS AND INTERNET PROTOCOL,4,18,lec18,lec18.doc,EqzDTO9tdqs
COMPUTER NETWORKS AND INTERNET PROTOCOL,4,19,lec19,lec19.doc,5ex1s4lURto
COMPUTER NETWORKS AND INTERNET PROTOCOL,4,20,lec20,lec20.doc,xS202cWCc2Q
COMPUTER NETWORKS AND INTERNET PROTOCOL,5,21,lec21,lec21.doc,8NxJGHXDOGc
COMPUTER NETWORKS AND INTERNET PROTOCOL,5,22,lec22,lec22.doc,SHO9eeWxPxY
COMPUTER NETWORKS AND INTERNET PROTOCOL,5,23,lec23,lec23.doc,f1y25BfOH9I
COMPUTER NETWORKS AND INTERNET PROTOCOL,5,24,lec24,lec24.doc,x7obJLN7FcQ
COMPUTER NETWORKS AND INTERNET PROTOCOL,5,25,lec25,lec25.doc,JExfKvUgrtI
COMPUTER NETWORKS AND INTERNET PROTOCOL,6,26,lec26,lec26.doc,aP346youQOk
COMPUTER NETWORKS AND INTERNET PROTOCOL,6,27,lec27,lec27.doc,5vbPS-KnhvI
COMPUTER NETWORKS AND INTERNET PROTOCOL,6,28,lec28,lec28.doc,H-R3KUPX1v4
COMPUTER NETWORKS AND INTERNET PROTOCOL,6,29,lec29,lec29.doc,_MZbwHyE0Ck
COMPUTER NETWORKS AND INTERNET PROTOCOL,6,30,lec30,lec30.doc,FkaFr3cpg6U
COMPUTER NETWORKS AND INTERNET PROTOCOL,7,31,lec31,lec31.doc,WM1OXVMetkE
COMPUTER NETWORKS AND INTERNET PROTOCOL,7,32,lec32,lec32.doc,Y9CxqQcMydg
COMPUTER NETWORKS AND INTERNET PROTOCOL,7,33,lec33,lec33.doc,TlB_ML2zAD8
COMPUTER NETWORKS AND INTERNET PROTOCOL,7,34,lec34,lec34.doc,fbZTrHN2oXQ
COMPUTER NETWORKS AND INTERNET PROTOCOL,7,35,lec35,lec35.doc,utvwelCCfas
COMPUTER NETWORKS AND INTERNET PROTOCOL,8,36,lec36,lec36.doc,IfzGf4kI2a8
COMPUTER NETWORKS AND INTERNET PROTOCOL,8,37,lec37,lec37.doc,n9VmkVnc0rI
COMPUTER NETWORKS AND INTERNET PROTOCOL,8,38,lec38,lec38.doc,yQBuCHG5co0
COMPUTER NETWORKS AND INTERNET PROTOCOL,8,39,lec39,lec39.doc,U7Stg2reaLg
COMPUTER NETWORKS AND INTERNET PROTOCOL,8,40,lec40,lec40.doc,J0KNWNm_m7U
COMPUTER NETWORKS AND INTERNET PROTOCOL,9,41,lec41,lec41.doc,9HgkQN7u7-8
COMPUTER NETWORKS AND INTERNET PROTOCOL,9,42,lec42,lec42.doc,Bc-qdRPqY_o
COMPUTER NETWORKS AND INTERNET PROTOCOL,9,43,lec43,lec43.doc,CaukSKg_sI0
COMPUTER NETWORKS AND INTERNET PROTOCOL,9,44,lec44,lec44.doc,l3E-C1j-SJg
COMPUTER NETWORKS AND INTERNET PROTOCOL,9,45,lec45,lec45.doc,MsJU8gZbDfk
COMPUTER NETWORKS AND INTERNET PROTOCOL,10,46,lec46,lec46.doc,rGWPOm3ectk
COMPUTER NETWORKS AND INTERNET PROTOCOL,10,47,lec47,lec47.doc,jMvA9mSIwtk
COMPUTER NETWORKS AND INTERNET PROTOCOL,10,48,lec48,lec48.doc,WXiGbQa-5F4
COMPUTER NETWORKS AND INTERNET PROTOCOL,10,49,lec49,lec49.doc,GmrbL1-7qyU
COMPUTER NETWORKS AND INTERNET PROTOCOL,10,50,lec50,lec50.doc,TrgZ7_L525w
COMPUTER NETWORKS AND INTERNET PROTOCOL,11,51,lec51,lec51.doc,JkqgkN_j6Lo
COMPUTER NETWORKS AND INTERNET PROTOCOL,11,52,lec52,lec52.doc,8LeqAH_ppsA
COMPUTER NETWORKS AND INTERNET PROTOCOL,11,53,lec53,lec53.doc,zVdyKTQyvVY
COMPUTER NETWORKS AND INTERNET PROTOCOL,11,54,lec54,lec54.doc,6SWBxiPeSqk
COMPUTER NETWORKS AND INTERNET PROTOCOL,12,55,lec55,lec55.doc,_HoeO1jw1Lo
COMPUTER NETWORKS AND INTERNET PROTOCOL,12,56,lec56,lec56.doc,i6wlR8dmw1k
COMPUTER NETWORKS AND INTERNET PROTOCOL,12,57,lec57,lec57.doc,erynt60b6LU
COMPUTER NETWORKS AND INTERNET PROTOCOL,12,58,lec58,lec58.doc,P1uAtSaHfHU
COMPUTER NETWORKS AND INTERNET PROTOCOL,12,59,lec59,lec59.doc,Mfwu4ZwAvos
COMPUTER NETWORKS AND INTERNET PROTOCOL,12,60,lec60,lec60.doc,gyCj3Psau-g
Programming in Java,1,1,lec1,lec1.doc,OjdT2l-EZJA
Programming in Java,1,2,lec2,lec2.doc,VksxhzfD8kQ
Programming in Java,1,3,lec3,lec3.doc,1B5ppTif5ZY
Programming in Java,1,4,lec4,lec4.doc,2duE6dWb6dY
Programming in Java,1,5,lec5,lec5.doc,0pzR2FGTEhk
Programming in Java,2,6,lec6,lec6.doc,DLyCB2a4Tb4
Programming in Java,2,7,lec7,lec7.doc,K9gQwLeNXyw
Programming in Java,2,8,lec8,lec8.doc,4wZ_3oLoYiY
Programming in Java,2,9,lec9,lec9.doc,Ep1UB12YkzI
Programming in Java,2,10,lec10,lec10.doc,o_2f3rujJUo
Programming in Java,3,11,lec11,lec11.doc,VNvyB0wjE5Y
Programming in Java,3,12,lec12,lec12.doc,eKckLidjtP8
Programming in Java,3,13,lec13,lec13.doc,rxsl1TzcEgg
Programming in Java,3,14,lec14,lec14.doc,Xpw11pR41ps
Programming in Java,3,15,lec15,lec15.doc,t4GPGkLh4Vg
Programming in Java,4,16,lec16,lec16.doc,UarOS8o-_7Q
Programming in Java,4,17,lec17,lec17.doc,TwU3cv1FFis
Programming in Java,4,18,lec18,lec18.doc,cXtUhpZJYz8
Programming in Java,4,19,lec19,lec19.doc,ujwFdWjw8uY
Programming in Java,4,20,lec20,lec20.doc,qgBv1_Plldo
Programming in Java,5,21,lec21,lec21.doc,nFH-Hm8iTR0
Programming in Java,5,22,lec22,lec22.doc,NfC_WDL5ugo
Programming in Java,5,23,lec23,lec23.doc,vUov8EkjZjU
Programming in Java,5,24,lec24,lec24.doc,QFbxzynUij4
Programming in Java,5,25,lec25,lec25.doc,W4Zve_x0o30
Programming in Java,6,26,lec26,lec26.doc,DATCrVTsPcU
Programming in Java,6,27,lec27,lec27.doc,6rYOyIGfy3w
Programming in Java,6,28,lec28,lec28.doc,Kni0HMvq1Ig
Programming in Java,6,29,lec29,lec29.doc,gTUa53wRwA8
Programming in Java,6,30,lec30,lec30.doc,lYuj9nn0PBU
Programming in Java,7,31,lec31,lec31.doc,fnFQWtZZE-4
Programming in Java,7,32,lec32,lec32.doc,yaMB5waxHK4
Programming in Java,7,33,lec33,lec33.doc,nAmHYh-1_eI
Programming in Java,7,34,lec34,lec34.doc,cC_Ij7WmP_k
Programming in Java,7,35,lec35,lec35.doc,WA4FDPTZsQk
Programming in Java,8,36,lec36,lec36.doc,hDgPoi7PrzM
Programming in Java,8,37,lec37,lec37.doc,8bpt6loanHM
Programming in Java,8,38,lec38,lec38.doc,2LuqZ9t0ciE
Programming in Java,8,39,lec39,lec39.doc,Vtc-eipVgL0
Programming in Java,8,40,lec40,lec40.doc,QWg4D2Yvrak
Programming in Java,9,41,lec41,lec41.doc,uffpa4o7-9E
Programming in Java,9,42,lec42,lec42.doc,4La3ChRGCtY
Programming in Java,9,43,lec43,lec43.doc,mQj34vUhpts
Programming in Java,9,44,lec44,lec44.doc,FY3g4gGPhio
Programming in Java,9,45,lec45,lec45.doc,r8068SmxFXo
Programming in Java,10,46,lec46,lec46.doc,QBLZ4aD-SiQ
Programming in Java,10,47,lec47,lec47.doc,0Gnmx3mQeFA
Programming in Java,10,48,lec48,lec48.doc,A-nBeR_2s7I
Programming in Java,10,49,lec49,lec49.doc,iJUQHvsU68c
Programming in Java,10,50,lec50,lec50.doc,ajhWv31oN1k
Programming in Java,11,51,lec51,lec51.doc,v5vLuCBv8vg
Programming in Java,11,52,lec52,lec52.doc,eEqPrlu28Sc
Programming in Java,11,53,lec53,lec53.doc,0PYh9Y-igz4
Programming in Java,11,54,lec54,lec54.doc,j7fpQ6U4jvI
Programming in Java,11,55,lec55,lec55.doc,khXT_gUNlRc
Programming in Java,12,56,lec56,lec56.doc,IWORtnqgzEQ
Programming in Java,12,57,lec57,lec57.doc,1JH31fFyGjY
Programming in Java,12,58,lec58,lec58.doc,1PgVAM5kkNs
Programming in Java,12,59,lec59,lec59.doc,sRJPJVN1dJQ
Programming in Java,12,60,lec60,lec60.doc,Nwwtio_Qd2I
DESIGN AND ANALYSIS OF ALGORITHMS,1,1,lec1,lec1.doc,gY0MwGLq9W8
DESIGN AND ANALYSIS OF ALGORITHMS,1,2,lec2,lec2.doc,55Ivl9pu_0U
DESIGN AND ANALYSIS OF ALGORITHMS,1,3,lec3,lec3.doc,9yVJCCNFDUI
DESIGN AND ANALYSIS OF ALGORITHMS,1,4,lec4,lec4.doc,mYh2MaOusCk
DESIGN AND ANALYSIS OF ALGORITHMS,2,5,lec5,lec5.doc,JzjkWMTPkdA
DESIGN AND ANALYSIS OF ALGORITHMS,2,6,lec6,lec6.doc,Q0pWMzPAdYM
DESIGN AND ANALYSIS OF ALGORITHMS,2,7,lec7,lec7.doc,msj_2TEzRP0
DESIGN AND ANALYSIS OF ALGORITHMS,2,8,lec8,lec8.doc,xFRea6xyPgM
DESIGN AND ANALYSIS OF ALGORITHMS,2,9,lec9,lec9.doc,hT1dIbFQoGE
DESIGN AND ANALYSIS OF ALGORITHMS,2,10,lec10,lec10.doc,3XCGzrCxVkw
DESIGN AND ANALYSIS OF ALGORITHMS,2,11,lec11,lec11.doc,1nAgMQSc-4Q
DESIGN AND ANALYSIS OF ALGORITHMS,2,12,lec12,lec12.doc,_EV6xAXf5FA
DESIGN AND ANALYSIS OF ALGORITHMS,2,13,lec13,lec13.doc,2UP-XMgOyNw
DESIGN AND ANALYSIS OF ALGORITHMS,2,14,lec14,lec14.doc,Pzs15qv-xTk
DESIGN AND ANALYSIS OF ALGORITHMS,2,15,lec15,lec15.doc,RajaRfMJF4I
DESIGN AND ANALYSIS OF ALGORITHMS,2,16,lec16,lec16.doc,N8lzcGiQo9A
DESIGN AND ANALYSIS OF ALGORITHMS,2,17,lec17,lec17.doc,owtilSaeNT4
DESIGN AND ANALYSIS OF ALGORITHMS,3,18,lec18,lec18.doc,mi2Fd0W8TaM
DESIGN AND ANALYSIS OF ALGORITHMS,3,19,lec19,lec19.doc,Y-6IGzmlG4Y
DESIGN AND ANALYSIS OF ALGORITHMS,3,20,lec20,lec20.doc,ahXszIXr1NE
DESIGN AND ANALYSIS OF ALGORITHMS,3,21,lec21,lec21.doc,0n4UtSm5HtE
DESIGN AND ANALYSIS OF ALGORITHMS,3,22,lec22,lec22.doc,Ia6AgDENsf0
DESIGN AND ANALYSIS OF ALGORITHMS,3,23,lec23,lec23.doc,_9a95v2shgQ
DESIGN AND ANALYSIS OF ALGORITHMS,3,24,lec24,lec24.doc,jpIeCsX4oNo
DESIGN AND ANALYSIS OF ALGORITHMS,4,25,lec25,lec25.doc,OGsPQy-lM1w
DESIGN AND ANALYSIS OF ALGORITHMS,4,26,lec26,lec26.doc,nieg8XQQ7i0
DESIGN AND ANALYSIS OF ALGORITHMS,4,27,lec27,lec27.doc,YbbGemzQ5ok
DESIGN AND ANALYSIS OF ALGORITHMS,4,28,lec28,lec28.doc,_4CGMB5j_CQ
DESIGN AND ANALYSIS OF ALGORITHMS,4,29,lec29,lec29.doc,rSEc5sIlwSA
DESIGN AND ANALYSIS OF ALGORITHMS,4,30,lec30,lec30.doc,-M6IzZMpm1Y
DESIGN AND ANALYSIS OF ALGORITHMS,4,31,lec31,lec31.doc,b2-vAkasvD0
DESIGN AND ANALYSIS OF ALGORITHMS,5,32,lec32,lec32.doc,6i0ZmTDqsXA
DESIGN AND ANALYSIS OF ALGORITHMS,5,33,lec33,lec33.doc,5wA56Z0ngLU
DESIGN AND ANALYSIS OF ALGORITHMS,5,34,lec34,lec34.doc,ImSRt7LxQnY
DESIGN AND ANALYSIS OF ALGORITHMS,5,35,lec35,lec35.doc,uQ3mBbvPToQ
DESIGN AND ANALYSIS OF ALGORITHMS,5,36,lec36,lec36.doc,51pyj1NWEqI
DESIGN AND ANALYSIS OF ALGORITHMS,5,37,lec37,lec37.doc,938kjf_stNY
DESIGN AND ANALYSIS OF ALGORITHMS,5,38,lec38,lec38.doc,6UBDkbVhJck
DESIGN AND ANALYSIS OF ALGORITHMS,6,39,lec39,lec39.doc,esvCwpyPh90
DESIGN AND ANALYSIS OF ALGORITHMS,6,40,lec40,lec40.doc,Awkkz8UytZE
DESIGN AND ANALYSIS OF ALGORITHMS,6,41,lec41,lec41.doc,Oe9bxU8lbxE
DESIGN AND ANALYSIS OF ALGORITHMS,6,42,lec42,lec42.doc,z2OXv1qaSFE
DESIGN AND ANALYSIS OF ALGORITHMS,6,43,lec43,lec43.doc,yhPjST1w0mk
DESIGN AND ANALYSIS OF ALGORITHMS,7,44,lec44,lec44.doc,EF953Vafi5c
DESIGN AND ANALYSIS OF ALGORITHMS,7,45,lec45,lec45.doc,IxD1vRA0B4s
DESIGN AND ANALYSIS OF ALGORITHMS,7,46,lec46,lec46.doc,yTKJcpitONQ
DESIGN AND ANALYSIS OF ALGORITHMS,7,47,lec47,lec47.doc,xdA41xLxwuM
DESIGN AND ANALYSIS OF ALGORITHMS,7,48,lec48,lec48.doc,3KMX8tBToLA
DESIGN AND ANALYSIS OF ALGORITHMS,7,49,lec49,lec49.doc,xWni5uErQhI
DESIGN AND ANALYSIS OF ALGORITHMS,8,50,lec50,lec50.doc,oktB3FeAkMQ
DESIGN AND ANALYSIS OF ALGORITHMS,8,51,lec51,lec51.doc,mWNBH1WvxtY
DESIGN AND ANALYSIS OF ALGORITHMS,8,52,lec52,lec52.doc,BpRhXZC5tfU
DESIGN AND ANALYSIS OF ALGORITHMS,8,53,lec53,lec53.doc,yxHDqjT6OQw
DESIGN AND ANALYSIS OF ALGORITHMS,8,54,lec54,lec54.doc,AhIzCq83c7Q
DESIGN AND ANALYSIS OF ALGORITHMS,8,55,lec55,lec55.doc,btytfRFySg0
DESIGN AND ANALYSIS OF ALGORITHMS,8,56,lec56,lec56.doc,iBX_3wLreWc
ANTENNAS,1,1,lec1,lec1.doc,wx_tIvaajAI
ANTENNAS,1,2,lec2,lec2.doc,OtYLzYckVFo
ANTENNAS,1,3,lec3,lec3.doc,jA8aTA1Pg4s
ANTENNAS,1,4,lec4,lec4.doc,Q6Ub2KJxV7A
ANTENNAS,1,5,lec5,lec5.doc,ehMxbZ7367A
ANTENNAS,2,6,lec6,lec6.doc,j2qa_QaJ_Jg
ANTENNAS,2,7,lec7,lec7.doc,I5uV5ntL3AQ
ANTENNAS,2,8,lec8,lec8.doc,HrSlSqBPntY
ANTENNAS,2,9,lec9,lec9.doc,UOMD1ECai5w
ANTENNAS,2,10,lec10,lec10.doc,jEvkxupS-yM
ANTENNAS,3,11,lec11,lec11.doc,Y6zE5Ir_Kjo
ANTENNAS,3,12,lec12,lec12.doc,VzPZataE7Ls
ANTENNAS,3,13,lec13,lec13.doc,DHBvqFKEryA
ANTENNAS,3,14,lec14,lec14.doc,Nf9S7zbFnsw
ANTENNAS,4,15,lec15,lec15.doc,ok_UIiNe1Eg
ANTENNAS,4,16,lec16,lec16.doc,ek6F4V0ugo0
ANTENNAS,4,17,lec17,lec17.doc,vdntJ64WV8Q
ANTENNAS,4,18,lec18,lec18.doc,AIsZqFT03C4
ANTENNAS,5,19,lec19,lec19.doc,4RbVqpSWk4c
ANTENNAS,5,20,lec20,lec20.doc,HsvipSFqAhM
ANTENNAS,5,21,lec21,lec21.doc,ltieSFxyWT0
ANTENNAS,5,22,lec22,lec22.doc,KXRe2l-tlLs
ANTENNAS,5,23,lec23,lec23.doc,j4kA7Akf8l4
ANTENNAS,6,24,lec24,lec24.doc,56MULX1-1mo
ANTENNAS,6,25,lec25,lec25.doc,CMHCDqSLaOE
ANTENNAS,6,26,lec26,lec26.doc,GTEaLA8Dz_8
ANTENNAS,6,27,lec27,lec27.doc,9D6KtYjjTn0
ANTENNAS,6,28,lec28,lec28.doc,MUJvfMjVQPs
ANTENNAS,7,29,lec29,lec29.doc,3lqE4zB4JBU
ANTENNAS,7,30,lec30,lec30.doc,KzJuGANik5Y
ANTENNAS,7,31,lec31,lec31.doc,SUbfh02G9hQ
ANTENNAS,7,32,lec32,lec32.doc,1yuViIYOFAs
ANTENNAS,7,33,lec33,lec33.doc,VpXwgUzAWRQ
ANTENNAS,8,34,lec34,lec34.doc,oc_J31yqPbA
ANTENNAS,8,35,lec35,lec35.doc,8kGUPuehbUU
ANTENNAS,8,36,lec36,lec36.doc,Kzzcx9xvzHg
ANTENNAS,8,37,lec37,lec37.doc,47UiTmlro6w
ANTENNAS,8,38,lec38,lec38.doc,zjqWqMXdxlM
ANTENNAS,8,39,lec39,lec39.doc,vnN2GcVFbAU
ANTENNAS,9,40,lec40,lec40.doc,PDCSYEzPAIg
ANTENNAS,9,41,lec41,lec41.doc,kAkGtxmwn4E
ANTENNAS,9,42,lec42,lec42.doc,fDBLCbpNWhU
ANTENNAS,9,43,lec43,lec43.doc,AEb6kkuGYKM
ANTENNAS,9,44,lec44,lec44.doc,nbtqRDLB2xc
ANTENNAS,10,45,lec45,lec45.doc,S7CyC2ts2wI
ANTENNAS,10,46,lec46,lec46.doc,O8sVoOlOOxU
ANTENNAS,10,47,lec47,lec47.doc,J3SMbWr2dW8
ANTENNAS,10,48,lec48,lec48.doc,qa8NTwjLLD4
ANTENNAS,10,49,lec49,lec49.doc,R5izG9ocSw8
ANTENNAS,11,50,lec50,lec50.doc,yCJ7cN2G73g
ANTENNAS,11,51,lec51,lec51.doc,Moi-qeVaAvo
ANTENNAS,11,52,lec52,lec52.doc,qpwWUEh48sA
ANTENNAS,11,53,lec53,lec53.doc,RwWG_gquMog
ANTENNAS,11,54,lec54,lec54.doc,To_VTu0BykQ
ANTENNAS,11,55,lec55,lec55.doc,xu2_8p8S-rM
ANTENNAS,12,56,lec56,lec56.doc,v3qDI5mWWuI
ANTENNAS,12,57,lec57,lec57.doc,WL7apLwo53M
ANTENNAS,12,58,lec58,lec58.doc,p-DWnImv6ZI
ANTENNAS,12,59,lec59,lec59.doc,kSqzzH8Sres
ANTENNAS,12,60,lec60,lec60.doc,yxMomKLGjxM
MICROWAVE THEORY AND TECHNIQUES,1,1,lec1,lec1.doc,2SxSBMum4gc
MICROWAVE THEORY AND TECHNIQUES,1,2,lec2,lec2.doc,0paFJVaRbhA
MICROWAVE THEORY AND TECHNIQUES,1,3,lec3,lec3.doc,gH4bCRvBgBg
MICROWAVE THEORY AND TECHNIQUES,1,4,lec4,lec4.doc,G6nNEKtS2ck
MICROWAVE THEORY AND TECHNIQUES,1,5,lec5,lec5.doc,UWG9uexaD38
MICROWAVE THEORY AND TECHNIQUES,2,6,lec6,lec6.doc,s_ObpFqqcc4
MICROWAVE THEORY AND TECHNIQUES,2,7,lec7,lec7.doc,zLCfH5MqAyM
MICROWAVE THEORY AND TECHNIQUES,2,8,lec8,lec8.doc,oL_9ZF9ewU8
MICROWAVE THEORY AND TECHNIQUES,2,9,lec9,lec9.doc,ap9739K_OJo
MICROWAVE THEORY AND TECHNIQUES,2,10,lec10,lec10.doc,SID4IJe9kdw
MICROWAVE THEORY AND TECHNIQUES,3,11,lec11,lec11.doc,7E8Da0WH2D4
MICROWAVE THEORY AND TECHNIQUES,3,12,lec12,lec12.doc,5e63CN5Pv7k
MICROWAVE THEORY AND TECHNIQUES,3,13,lec13,lec13.doc,Ytg5SIhz-nY
MICROWAVE THEORY AND TECHNIQUES,3,14,lec14,lec14.doc,AEXejU0Bi-4
MICROWAVE THEORY AND TECHNIQUES,3,15,lec15,lec15.doc,FRJFVP30G_g
MICROWAVE THEORY AND TECHNIQUES,4,16,lec16,lec16.doc,qY0MlB-kGd8
MICROWAVE THEORY AND TECHNIQUES,4,17,lec17,lec17.doc,m5906cmRJoE
MICROWAVE THEORY AND TECHNIQUES,4,18,lec18,lec18.doc,Eosr3mPY9x0
MICROWAVE THEORY AND TECHNIQUES,4,19,lec19,lec19.doc,qVpPlHpEIvQ
MICROWAVE THEORY AND TECHNIQUES,4,20,lec20,lec20.doc,pp23nMoS2_0
MICROWAVE THEORY AND TECHNIQUES,5,21,lec21,lec21.doc,E0G-l3MeTFc
MICROWAVE THEORY AND TECHNIQUES,5,22,lec22,lec22.doc,ptpH-EXWLrI
MICROWAVE THEORY AND TECHNIQUES,5,23,lec23,lec23.doc,EEYthfKc9gQ
MICROWAVE THEORY AND TECHNIQUES,5,24,lec24,lec24.doc,d7vNyrU0zW0
MICROWAVE THEORY AND TECHNIQUES,5,25,lec25,lec25.doc,9PqEzabvTLY
MICROWAVE THEORY AND TECHNIQUES,6,26,lec26,lec26.doc,1H4hUJMfzdM
MICROWAVE THEORY AND TECHNIQUES,6,27,lec27,lec27.doc,662LTgOVgKI
MICROWAVE THEORY AND TECHNIQUES,6,28,lec28,lec28.doc,Z9_4zhsAaMg
MICROWAVE THEORY AND TECHNIQUES,6,29,lec29,lec29.doc,l7RSFYteHa4
MICROWAVE THEORY AND TECHNIQUES,6,30,lec30,lec30.doc,hhdSg9Hu0HU
MICROWAVE THEORY AND TECHNIQUES,7,31,lec31,lec31.doc,IFvURNNkHds
MICROWAVE THEORY AND TECHNIQUES,7,32,lec32,lec32.doc,s7TeTM-d2Qs
MICROWAVE THEORY AND TECHNIQUES,7,33,lec33,lec33.doc,JrhV9ZzHH2s
MICROWAVE THEORY AND TECHNIQUES,7,34,lec34,lec34.doc,gHe7AuiARBU
MICROWAVE THEORY AND TECHNIQUES,7,35,lec35,lec35.doc,V4u_lZEwxlI
MICROWAVE THEORY AND TECHNIQUES,8,36,lec36,lec36.doc,bDkStdnsluM
MICROWAVE THEORY AND TECHNIQUES,8,37,lec37,lec37.doc,WFUDeyOEdtY
MICROWAVE THEORY AND TECHNIQUES,8,38,lec38,lec38.doc,JQQSLL8ufdI
MICROWAVE THEORY AND TECHNIQUES,8,39,lec39,lec39.doc,K8bItHwpFZ8
MICROWAVE THEORY AND TECHNIQUES,8,40,lec40,lec40.doc,YkfwrTXJqaQ
MICROWAVE THEORY AND TECHNIQUES,9,41,lec41,lec41.doc,tmYs6TZiNdA
MICROWAVE THEORY AND TECHNIQUES,9,42,lec42,lec42.doc,A-9BUnA1d3o
MICROWAVE THEORY AND TECHNIQUES,9,43,lec43,lec43.doc,qcPVcIw4-8g
MICROWAVE THEORY AND TECHNIQUES,9,44,lec44,lec44.doc,6bKeluYEKG4
MICROWAVE THEORY AND TECHNIQUES,9,45,lec45,lec45.doc,dG0UkcPDUAw
MICROWAVE THEORY AND TECHNIQUES,10,46,lec46,lec46.doc,1J_iDY1CEk0
MICROWAVE THEORY AND TECHNIQUES,10,47,lec47,lec47.doc,Nm128JrVL9M
MICROWAVE THEORY AND TECHNIQUES,10,48,lec48,lec48.doc,tzbE5WxhUi8
MICROWAVE THEORY AND TECHNIQUES,10,49,lec49,lec49.doc,Lf7b2K5xnVQ
MICROWAVE THEORY AND TECHNIQUES,10,50,lec50,lec50.doc,jTMCkSZLTR4
MICROWAVE THEORY AND TECHNIQUES,11,51,lec51,lec51.doc,azeT8xCLkcI
MICROWAVE THEORY AND TECHNIQUES,11,52,lec52,lec52.doc,MSe1Eg5q5Ok
MICROWAVE THEORY AND TECHNIQUES,11,53,lec53,lec53.doc,bvp-MEkL7JM
MICROWAVE THEORY AND TECHNIQUES,11,54,lec54,lec54.doc,Wbf4SbszYaM
MICROWAVE THEORY AND TECHNIQUES,11,55,lec55,lec55.doc,wruHxhk3LLQ
MICROWAVE THEORY AND TECHNIQUES,12,56,lec56,lec56.doc,z5RF07l2Vfc
MICROWAVE THEORY AND TECHNIQUES,12,57,lec57,lec57.doc,GyO06FPu4Cs
MICROWAVE THEORY AND TECHNIQUES,12,58,lec58,lec58.doc,agpgmiwsyoU
MICROWAVE THEORY AND TECHNIQUES,12,59,lec59,lec59.doc,I0OPutZl22U
MICROWAVE THEORY AND TECHNIQUES,12,60,lec60,lec60.doc,OkwesYVGNOs
POWER ELECTRONICS,1,1,lec1,lec1.doc,Z2CORFayCv0
POWER ELECTRONICS,1,2,lec2,lec2.doc,pwjrtIjkGak
POWER ELECTRONICS,2,3,lec3,lec3.doc,no1hld5JcCw
POWER ELECTRONICS,2,4,lec4,lec4.doc,tNp39_L_HtU
POWER ELECTRONICS,3,5,lec5,lec5.doc,cSNuDRHdmOQ
POWER ELECTRONICS,3,6,lec6,lec6.doc,EpTKSp9611I
POWER ELECTRONICS,4,7,lec7,lec7.doc,OuyyVgkzKT8
POWER ELECTRONICS,4,8,lec8,lec8.doc,Q5Yw4Z_Oydc
POWER ELECTRONICS,5,9,lec9,lec9.doc,3tuPARBO4bw
POWER ELECTRONICS,5,10,lec10,lec10.doc,ZQ8b5Gh0jFw
POWER ELECTRONICS,6,11,lec11,lec11.doc,IWmxT6Q8V0o
POWER ELECTRONICS,6,12,lec12,lec12.doc,CEq6BY7YMcE
POWER ELECTRONICS,7,13,lec13,lec13.doc,6NCml4kY9Jo
POWER ELECTRONICS,7,14,lec14,lec14.doc,U6PX5HvCjmA
POWER ELECTRONICS,8,15,lec15,lec15.doc,CK1uonhe_7w
POWER ELECTRONICS,8,16,lec16,lec16.doc,T0Vz8lPU51M
POWER ELECTRONICS,9,17,lec17,lec17.doc,R1AhNqOlJMk
POWER ELECTRONICS,9,18,lec18,lec18.doc,Egvqb2SuKbk
POWER ELECTRONICS,10,19,lec19,lec19.doc,iHwOhTh4qOY
POWER ELECTRONICS,10,20,lec20,lec20.doc,DxgIRa1uhtk
POWER ELECTRONICS,11,21,lec21,lec21.doc,R1es7do2bCY
POWER ELECTRONICS,11,22,lec22,lec22.doc,_7UiqTBn5qo
POWER ELECTRONICS,12,23,lec23,lec23.doc,y2DvauMeed8
POWER ELECTRONICS,12,24,lec24,lec24.doc,x34Xe-UihxM
PRINCIPLES OF SIGNALS AND SYSTEMS,1,1,lec1,lec1.doc,879pXoml0XI
PRINCIPLES OF SIGNALS AND SYSTEMS,1,2,lec2,lec2.doc,PJZXHr5M6CU
PRINCIPLES OF SIGNALS AND SYSTEMS,1,3,lec3,lec3.doc,KtLtgz_P_iY
PRINCIPLES OF SIGNALS AND SYSTEMS,1,4,lec4,lec4.doc,w5JANmgJmjc
PRINCIPLES OF SIGNALS AND SYSTEMS,1,5,lec5,lec5.doc,4PUcOf0koxw
PRINCIPLES OF SIGNALS AND SYSTEMS,2,6,lec6,lec6.doc,VDy8nwyKaAw
PRINCIPLES OF SIGNALS AND SYSTEMS,2,7,lec7,lec7.doc,N9iPeyojJJQ
PRINCIPLES OF SIGNALS AND SYSTEMS,2,8,lec8,lec8.doc,8TzpkqZ5my0
PRINCIPLES OF SIGNALS AND SYSTEMS,2,9,lec9,lec9.doc,ATYXeV2rgMM
PRINCIPLES OF SIGNALS AND SYSTEMS,2,10,lec10,lec10.doc,CmSlO-wG1V0
PRINCIPLES OF SIGNALS AND SYSTEMS,2,11,lec11,lec11.doc,CDfltz0alxQ
PRINCIPLES OF SIGNALS AND SYSTEMS,3,12,lec12,lec12.doc,mRfFUUwfcG0
PRINCIPLES OF SIGNALS AND SYSTEMS,3,13,lec13,lec13.doc,lDTSXFc9AeE
PRINCIPLES OF SIGNALS AND SYSTEMS,3,14,lec14,lec14.doc,vMUbw25Look
PRINCIPLES OF SIGNALS AND SYSTEMS,3,15,lec15,lec15.doc,uQwJMi0YNy8
PRINCIPLES OF SIGNALS AND SYSTEMS,3,16,lec16,lec16.doc,MHzJZ8lizT0
PRINCIPLES OF SIGNALS AND SYSTEMS,3,17,lec17,lec17.doc,TSkHT5solVM
PRINCIPLES OF SIGNALS AND SYSTEMS,4,18,lec18,lec18.doc,cgVpdDZmFhU
PRINCIPLES OF SIGNALS AND SYSTEMS,4,19,lec19,lec19.doc,JTzjOB6DMmY
PRINCIPLES OF SIGNALS AND SYSTEMS,4,20,lec20,lec20.doc,jxR4ZrXBMv0
PRINCIPLES OF SIGNALS AND SYSTEMS,4,21,lec21,lec21.doc,KikSoNpbuX4
PRINCIPLES OF SIGNALS AND SYSTEMS,4,22,lec22,lec22.doc,7jJKgzJyv88
PRINCIPLES OF SIGNALS AND SYSTEMS,4,23,lec23,lec23.doc,VSBGQwspHKQ
PRINCIPLES OF SIGNALS AND SYSTEMS,5,24,lec24,lec24.doc,nXDq6K35a_k
PRINCIPLES OF SIGNALS AND SYSTEMS,5,25,lec25,lec25.doc,qGinwAMdp6Q
PRINCIPLES OF SIGNALS AND SYSTEMS,5,26,lec26,lec26.doc,F-svb_s8nlQ
PRINCIPLES OF SIGNALS AND SYSTEMS,5,27,lec27,lec27.doc,V7MXE_0tCi4
PRINCIPLES OF SIGNALS AND SYSTEMS,5,28,lec28,lec28.doc,J9AZBw2uQ90
PRINCIPLES OF SIGNALS AND SYSTEMS,5,29,lec29,lec29.doc,CElVXWKJZIg
PRINCIPLES OF SIGNALS AND SYSTEMS,6,30,lec30,lec30.doc,enw-5obY0mQ
PRINCIPLES OF SIGNALS AND SYSTEMS,6,31,lec31,lec31.doc,VUZScU0FeZI
PRINCIPLES OF SIGNALS AND SYSTEMS,6,32,lec32,lec32.doc,heZpjWms6og
PRINCIPLES OF SIGNALS AND SYSTEMS,6,33,lec33,lec33.doc,nV6WosxYKxY
PRINCIPLES OF SIGNALS AND SYSTEMS,6,34,lec34,lec34.doc,p5VNfpP9ZkM
PRINCIPLES OF SIGNALS AND SYSTEMS,6,35,lec35,lec35.doc,suzQZQoDj_U
PRINCIPLES OF SIGNALS AND SYSTEMS,7,36,lec36,lec36.doc,Y33shcL7ydE
PRINCIPLES OF SIGNALS AND SYSTEMS,7,36,lec36,lec36.doc,Y33shcL7ydE
PRINCIPLES OF SIGNALS AND SYSTEMS,7,37,lec37,lec37.doc,a70fyv8aU04
PRINCIPLES OF SIGNALS AND SYSTEMS,7,38,lec38,lec38.doc,D-pDJdlI7aQ
PRINCIPLES OF SIGNALS AND SYSTEMS,7,38,lec38,lec38.doc,D-pDJdlI7aQ
PRINCIPLES OF SIGNALS AND SYSTEMS,7,39,lec39,lec39.doc,hauvvDRFHr0
PRINCIPLES OF SIGNALS AND SYSTEMS,7,40,lec40,lec40.doc,CCo3atPhoKc
PRINCIPLES OF SIGNALS AND SYSTEMS,7,41,lec41,lec41.doc,iuBzZXvESiY
PRINCIPLES OF SIGNALS AND SYSTEMS,8,42,lec42,lec42.doc,hMbMnIstZAc
PRINCIPLES OF SIGNALS AND SYSTEMS,8,43,lec43,lec43.doc,HvC7AzEBlp0
PRINCIPLES OF SIGNALS AND SYSTEMS,8,44,lec44,lec44.doc,oV5hfUMQstc
PRINCIPLES OF SIGNALS AND SYSTEMS,8,45,lec45,lec45.doc,vIEXFwmsZew
PRINCIPLES OF SIGNALS AND SYSTEMS,8,46,lec46,lec46.doc,KZCUlZWz0Ck
PRINCIPLES OF SIGNALS AND SYSTEMS,8,47,lec47,lec47.doc,6csmeOUY-ak
PRINCIPLES OF SIGNALS AND SYSTEMS,8,48,lec48,lec48.doc,HuBJv-uGzTs
PRINCIPLES OF SIGNALS AND SYSTEMS,8,49,lec49,lec49.doc,JbYBPAPm8ww
PRINCIPLES OF SIGNALS AND SYSTEMS,9,50,lec50,lec50.doc,oTe-z3lkrvk
PRINCIPLES OF SIGNALS AND SYSTEMS,9,51,lec51,lec51.doc,R2x7cRuUtuc
PRINCIPLES OF SIGNALS AND SYSTEMS,9,52,lec52,lec52.doc,DbcWTn33muo
PRINCIPLES OF SIGNALS AND SYSTEMS,9,53,lec53,lec53.doc,YruCVmiuVxs
PRINCIPLES OF SIGNALS AND SYSTEMS,9,54,lec54,lec54.doc,XMCp2UMNmik
PRINCIPLES OF SIGNALS AND SYSTEMS,9,55,lec55,lec55.doc,qv6vPdtoBVE
PRINCIPLES OF SIGNALS AND SYSTEMS,10,56,lec56,lec56.doc,BQqAriTpHhc
PRINCIPLES OF SIGNALS AND SYSTEMS,10,57,lec57,lec57.doc,o2nPaWXYo2Q
PRINCIPLES OF SIGNALS AND SYSTEMS,10,58,lec58,lec58.doc,iXNyn8MJBlU
PRINCIPLES OF SIGNALS AND SYSTEMS,10,59,lec59,lec59.doc,g68TTb80Y3A
PRINCIPLES OF SIGNALS AND SYSTEMS,10,60,lec60,lec60.doc,TUk5PwcJV_U
PRINCIPLES OF SIGNALS AND SYSTEMS,10,61,lec61,lec61.doc,W7-PmVeKCMg
PRINCIPLES OF SIGNALS AND SYSTEMS,10,62,lec62,lec62.doc,fFHWKGRX8fM
PRINCIPLES OF SIGNALS AND SYSTEMS,11,63,lec63,lec63.doc,3BJeYeUulrw
PRINCIPLES OF SIGNALS AND SYSTEMS,11,64,lec64,lec64.doc,76&lesson=132
PRINCIPLES OF SIGNALS AND SYSTEMS,11,65,lec65,lec65.doc,-tuvyU1Czro
PRINCIPLES OF SIGNALS AND SYSTEMS,11,66,lec66,lec66.doc,7MgQeQcEQTM
PRINCIPLES OF SIGNALS AND SYSTEMS,11,67,lec67,lec67.doc,8vkTrLu2E-o
PRINCIPLES OF SIGNALS AND SYSTEMS,11,68,lec68,lec68.doc,s0hBF69Kvso
PRINCIPLES OF SIGNALS AND SYSTEMS,12,69,lec69,lec69.doc,TMF2OzRiSM8
PRINCIPLES OF SIGNALS AND SYSTEMS,12,69,lec69,lec69.doc,TMF2OzRiSM8
PRINCIPLES OF SIGNALS AND SYSTEMS,12,70,lec70,lec70.doc,Yx07yLZeu74
PRINCIPLES OF SIGNALS AND SYSTEMS,12,70,lec70,lec70.doc,Yx07yLZeu74
PRINCIPLES OF SIGNALS AND SYSTEMS,12,71,lec71,lec71.doc,S53JvE6MByI
PRINCIPLES OF SIGNALS AND SYSTEMS,12,71,lec71,lec71.doc,S53JvE6MByI
PRINCIPLES OF SIGNALS AND SYSTEMS,12,72,lec72,lec72.doc,wmpBi8AYMU4
PRINCIPLES OF SIGNALS AND SYSTEMS,12,72,lec72,lec72.doc,wmpBi8AYMU4
PRINCIPLES OF SIGNALS AND SYSTEMS,12,73,lec73,lec73.doc,ZPibkWim22M
PRINCIPLES OF SIGNALS AND SYSTEMS,12,73,lec73,lec73.doc,ZPibkWim22M
PRINCIPLES OF SIGNALS AND SYSTEMS,12,74,lec74,lec74.doc,kHLIeIBS3dU
PRINCIPLES OF SIGNALS AND SYSTEMS,12,74,lec74,lec74.doc,kHLIeIBS3dU
PRINCIPLES OF SIGNALS AND SYSTEMS,12,75,lec75,lec75.doc,9iE29uDpr0g
PRINCIPLES OF SIGNALS AND SYSTEMS,12,75,lec75,lec75.doc,9iE29uDpr0g
MICROPROCESSORS AND MICROCONTROLLERS,1,1,lec1,lec1.doc,o6W0opScrKY
MICROPROCESSORS AND MICROCONTROLLERS,1,2,lec2,lec2.doc,Ku6xxHcf3gU
MICROPROCESSORS AND MICROCONTROLLERS,1,3,lec3,lec3.doc,Pok-xKXVVog
MICROPROCESSORS AND MICROCONTROLLERS,1,4,lec4,lec4.doc,FivoJofCaTs
MICROPROCESSORS AND MICROCONTROLLERS,1,5,lec5,lec5.doc,LmXAVn6DTe8
MICROPROCESSORS AND MICROCONTROLLERS,1,6,lec6,lec6.doc,K8q7kT6CvVE
MICROPROCESSORS AND MICROCONTROLLERS,2,7,lec7,lec7.doc,oRPluYsxF28
MICROPROCESSORS AND MICROCONTROLLERS,2,8,lec8,lec8.doc,z3QZaKVMp3s
MICROPROCESSORS AND MICROCONTROLLERS,2,9,lec9,lec9.doc,KSXEPEoPefM
MICROPROCESSORS AND MICROCONTROLLERS,2,10,lec10,lec10.doc,lb6Ruzlf6uU
MICROPROCESSORS AND MICROCONTROLLERS,2,11,lec11,lec11.doc,jSvRpeucR4c
MICROPROCESSORS AND MICROCONTROLLERS,3,12,lec12,lec12.doc,8h8Nl95WxEI
MICROPROCESSORS AND MICROCONTROLLERS,3,13,lec13,lec13.doc,gnUBqYcjE94
MICROPROCESSORS AND MICROCONTROLLERS,3,14,lec14,lec14.doc,uhaD3sdWCmU
MICROPROCESSORS AND MICROCONTROLLERS,3,15,lec15,lec15.doc,7XB6WFOsh1o
MICROPROCESSORS AND MICROCONTROLLERS,3,16,lec16,lec16.doc,fB4tE3DKwkw
MICROPROCESSORS AND MICROCONTROLLERS,4,17,lec17,lec17.doc,QgtlfDd8cns
MICROPROCESSORS AND MICROCONTROLLERS,4,18,lec18,lec18.doc,BFWuRRpyLM4
MICROPROCESSORS AND MICROCONTROLLERS,4,19,lec19,lec19.doc,B9us9PG68Ss
MICROPROCESSORS AND MICROCONTROLLERS,4,20,lec20,lec20.doc,yb4u1pPtgBw
MICROPROCESSORS AND MICROCONTROLLERS,4,21,lec21,lec21.doc,-2l9mui7Dxs
MICROPROCESSORS AND MICROCONTROLLERS,5,22,lec22,lec22.doc,6EieQLpzye8
MICROPROCESSORS AND MICROCONTROLLERS,5,23,lec23,lec23.doc,V9AzfvkWPW0
MICROPROCESSORS AND MICROCONTROLLERS,5,24,lec24,lec24.doc,3hltHQXAQm8
MICROPROCESSORS AND MICROCONTROLLERS,5,25,lec25,lec25.doc,-YYpIdk4_W8
MICROPROCESSORS AND MICROCONTROLLERS,5,26,lec26,lec26.doc,5V3N1SYgVhQ
MICROPROCESSORS AND MICROCONTROLLERS,6,27,lec27,lec27.doc,AdMxMBH393Q
MICROPROCESSORS AND MICROCONTROLLERS,6,28,lec28,lec28.doc,TphNPocrvQE
MICROPROCESSORS AND MICROCONTROLLERS,6,29,lec29,lec29.doc,MKzLaZxnqFY
MICROPROCESSORS AND MICROCONTROLLERS,6,30,lec30,lec30.doc,GHYaAUVKtDA
MICROPROCESSORS AND MICROCONTROLLERS,6,31,lec31,lec31.doc,2AVOxLPKjeA
MICROPROCESSORS AND MICROCONTROLLERS,7,32,lec32,lec32.doc,E81Vz-0ErPA
MICROPROCESSORS AND MICROCONTROLLERS,7,33,lec33,lec33.doc,K4ItnDQiwec
MICROPROCESSORS AND MICROCONTROLLERS,7,34,lec34,lec34.doc,0fMLDXwcT_w
MICROPROCESSORS AND MICROCONTROLLERS,7,35,lec35,lec35.doc,MqhxeOi8R1Q
MICROPROCESSORS AND MICROCONTROLLERS,7,36,lec36,lec36.doc,JBv4y-4_oaw
MICROPROCESSORS AND MICROCONTROLLERS,8,37,lec37,lec37.doc,scdMQFzhsyc
MICROPROCESSORS AND MICROCONTROLLERS,8,38,lec38,lec38.doc,odEQH9ML4RQ
MICROPROCESSORS AND MICROCONTROLLERS,8,39,lec39,lec39.doc,NhurqshD0HA
MICROPROCESSORS AND MICROCONTROLLERS,8,40,lec40,lec40.doc,RWZBgWv_01U
MICROPROCESSORS AND MICROCONTROLLERS,8,41,lec41,lec41.doc,tqjXYjrL5w8
MICROPROCESSORS AND MICROCONTROLLERS,9,42,lec42,lec42.doc,FHFlmiEsbuA
MICROPROCESSORS AND MICROCONTROLLERS,9,43,lec43,lec43.doc,LVvYtUQaKjA
MICROPROCESSORS AND MICROCONTROLLERS,9,44,lec44,lec44.doc,x6MZEqdRyww
MICROPROCESSORS AND MICROCONTROLLERS,9,45,lec45,lec45.doc,_0ghusjYYUE
MICROPROCESSORS AND MICROCONTROLLERS,9,46,lec46,lec46.doc,2hjKVApcPiA
MICROPROCESSORS AND MICROCONTROLLERS,10,47,lec47,lec47.doc,n2Gzw1_wlXc
MICROPROCESSORS AND MICROCONTROLLERS,10,48,lec48,lec48.doc,5ZeOCRmfoXg
MICROPROCESSORS AND MICROCONTROLLERS,10,49,lec49,lec49.doc,sUkgUQ9mpcg
MICROPROCESSORS AND MICROCONTROLLERS,10,50,lec50,lec50.doc,WGcierfsSNo
MICROPROCESSORS AND MICROCONTROLLERS,10,51,lec51,lec51.doc,0fc0IbeCR14
MICROPROCESSORS AND MICROCONTROLLERS,11,52,lec52,lec52.doc,CtFbbc4xYwk
MICROPROCESSORS AND MICROCONTROLLERS,11,53,lec53,lec53.doc,DpMxQzHhyyc
MICROPROCESSORS AND MICROCONTROLLERS,11,54,lec54,lec54.doc,9Tphd5DlGiM
MICROPROCESSORS AND MICROCONTROLLERS,11,55,lec55,lec55.doc,gfXAwWn9yyw
MICROPROCESSORS AND MICROCONTROLLERS,11,56,lec56,lec56.doc,lJ0u6QoXX2c
MICROPROCESSORS AND MICROCONTROLLERS,12,57,lec57,lec57.doc,TduDws3XBlY
MICROPROCESSORS AND MICROCONTROLLERS,12,58,lec58,lec58.doc,RNsl8gwtn0o
MICROPROCESSORS AND MICROCONTROLLERS,12,59,lec59,lec59.doc,rAjNFNKLaBo
MICROPROCESSORS AND MICROCONTROLLERS,12,60,lec60,lec60.doc,5_YSIusN4-M
MICROPROCESSORS AND MICROCONTROLLERS,12,61,lec61,lec61.doc,oOGBtVaOQTc
MICROPROCESSORS AND MICROCONTROLLERS,12,62,lec62,lec62.doc,rnNtC5UORgg
MICROPROCESSORS AND MICROCONTROLLERS,12,63,lec63,lec63.doc,dtSQldKqdxI
MICROPROCESSORS AND MICROCONTROLLERS,12,64,lec64,lec64.doc,xEiRQPVK5mk
DIGITAL ELECTRONIC CIRCUITS,1,1,lec1,lec1.doc,fwTRzApMCgs
DIGITAL ELECTRONIC CIRCUITS,1,2,lec2,lec2.doc,Ax87iYvsZ0A
DIGITAL ELECTRONIC CIRCUITS,1,3,lec3,lec3.doc,mCxmL7DKYrs
DIGITAL ELECTRONIC CIRCUITS,1,4,lec4,lec4.doc,ne2WK5Vpg8k
DIGITAL ELECTRONIC CIRCUITS,1,5,lec5,lec5.doc,SyxojbnRlkg
DIGITAL ELECTRONIC CIRCUITS,2,6,lec6,lec6.doc,KbDjYnevQPg
DIGITAL ELECTRONIC CIRCUITS,2,7,lec7,lec7.doc,vNxTOpgv2gs
DIGITAL ELECTRONIC CIRCUITS,2,8,lec8,lec8.doc,IttmnSJ7Nt4
DIGITAL ELECTRONIC CIRCUITS,2,9,lec9,lec9.doc,jOYovTtnTCM
DIGITAL ELECTRONIC CIRCUITS,2,10,lec10,lec10.doc,tuzSGbVI8iE
DIGITAL ELECTRONIC CIRCUITS,3,11,lec11,lec11.doc,Zx1CnnIg7_k
DIGITAL ELECTRONIC CIRCUITS,3,12,lec12,lec12.doc,ayuOKBxOmr8
DIGITAL ELECTRONIC CIRCUITS,3,13,lec13,lec13.doc,NgFW-3_w_W4
DIGITAL ELECTRONIC CIRCUITS,3,14,lec14,lec14.doc,DwK8mEjHnx0
DIGITAL ELECTRONIC CIRCUITS,3,15,lec15,lec15.doc,tUOGg2YVP8I
DIGITAL ELECTRONIC CIRCUITS,4,16,lec16,lec16.doc,7G1i5PUgz3w
DIGITAL ELECTRONIC CIRCUITS,4,17,lec17,lec17.doc,RcYb207V2QE
DIGITAL ELECTRONIC CIRCUITS,4,18,lec18,lec18.doc,3aWLCH9_EPA
DIGITAL ELECTRONIC CIRCUITS,4,19,lec19,lec19.doc,hQjRFrHXCDU
DIGITAL ELECTRONIC CIRCUITS,4,20,lec20,lec20.doc,lw21I8VBTrQ
DIGITAL ELECTRONIC CIRCUITS,5,21,lec21,lec21.doc,yLP0vFSbCLg
DIGITAL ELECTRONIC CIRCUITS,5,22,lec22,lec22.doc,XZIUZ18Z1Ec
DIGITAL ELECTRONIC CIRCUITS,5,23,lec23,lec23.doc,tAkycQ-UdS0
DIGITAL ELECTRONIC CIRCUITS,5,24,lec24,lec24.doc,g9zYC-YyszE
DIGITAL ELECTRONIC CIRCUITS,5,25,lec25,lec25.doc,SSpfigjvQDo
DIGITAL ELECTRONIC CIRCUITS,6,26,lec26,lec26.doc,6zBHQoXhozQ
DIGITAL ELECTRONIC CIRCUITS,6,27,lec27,lec27.doc,MJi2jHYM-EY
DIGITAL ELECTRONIC CIRCUITS,6,28,lec28,lec28.doc,NnzGBD36H1E
DIGITAL ELECTRONIC CIRCUITS,6,29,lec29,lec29.doc,dLJL4rts5FQ
DIGITAL ELECTRONIC CIRCUITS,6,30,lec30,lec30.doc,qydXofLef6g
DIGITAL ELECTRONIC CIRCUITS,7,31,lec31,lec31.doc,YEBVI73piU4
DIGITAL ELECTRONIC CIRCUITS,7,32,lec32,lec32.doc,u7Nevky4qDk
DIGITAL ELECTRONIC CIRCUITS,7,33,lec33,lec33.doc,1GAJBhjgv4A
DIGITAL ELECTRONIC CIRCUITS,7,34,lec34,lec34.doc,2k-bjw6z5g8
DIGITAL ELECTRONIC CIRCUITS,7,35,lec35,lec35.doc,xSvy5WVc8tI
DIGITAL ELECTRONIC CIRCUITS,8,36,lec36,lec36.doc,KcRjGlasDBk
DIGITAL ELECTRONIC CIRCUITS,8,37,lec37,lec37.doc,ApILP5WPZeE
DIGITAL ELECTRONIC CIRCUITS,8,38,lec38,lec38.doc,DDWeOVT2SnU
DIGITAL ELECTRONIC CIRCUITS,8,39,lec39,lec39.doc,QbTedKVxdyU
DIGITAL ELECTRONIC CIRCUITS,8,40,lec40,lec40.doc,tRS1W5JyyW0
DIGITAL ELECTRONIC CIRCUITS,9,41,lec41,lec41.doc,eZbGuv1lsrE
DIGITAL ELECTRONIC CIRCUITS,9,42,lec42,lec42.doc,qRf_UxjsXNA
DIGITAL ELECTRONIC CIRCUITS,9,43,lec43,lec43.doc,t2Md-ZsJ_3c
DIGITAL ELECTRONIC CIRCUITS,9,44,lec44,lec44.doc,BzpZtU3omgo
DIGITAL ELECTRONIC CIRCUITS,9,45,lec45,lec45.doc,AtKZPVLcTk0
DIGITAL ELECTRONIC CIRCUITS,10,46,lec46,lec46.doc,CPEf-p9okxg
DIGITAL ELECTRONIC CIRCUITS,10,47,lec47,lec47.doc,QnkFGotx5-o
DIGITAL ELECTRONIC CIRCUITS,10,48,lec48,lec48.doc,Dyp1EDgyUhA
DIGITAL ELECTRONIC CIRCUITS,10,49,lec49,lec49.doc,m-An4pZjhCA
DIGITAL ELECTRONIC CIRCUITS,10,50,lec50,lec50.doc,s1sMFm583XY
DIGITAL ELECTRONIC CIRCUITS,11,51,lec51,lec51.doc,jWT7dDvwwhM
DIGITAL ELECTRONIC CIRCUITS,11,52,lec52,lec52.doc,2slIDPovTfE
DIGITAL ELECTRONIC CIRCUITS,11,53,lec53,lec53.doc,38FLSRDUR6c
DIGITAL ELECTRONIC CIRCUITS,11,54,lec54,lec54.doc,NbDRHhHNyVA
DIGITAL ELECTRONIC CIRCUITS,11,55,lec55,lec55.doc,9RRvBaWBfTM
DIGITAL ELECTRONIC CIRCUITS,12,56,lec56,lec56.doc,D44Qx-YP_0A
DIGITAL ELECTRONIC CIRCUITS,12,57,lec57,lec57.doc,RDv_wMfl4zM
DIGITAL ELECTRONIC CIRCUITS,12,58,lec58,lec58.doc,05fPi-vHkkk
DIGITAL ELECTRONIC CIRCUITS,12,59,lec59,lec59.doc,YUQI39whYLg
DIGITAL ELECTRONIC CIRCUITS,12,60,lec60,lec60.doc,gCAYY0fHPq4
ENGLISH LANGUAGE FOR COMPETITIVE EXAMS,1,1,lec1,lec1.doc,1SUOWEy04l8
ENGLISH LANGUAGE FOR COMPETITIVE EXAMS,1,2,lec2,lec2.doc,3_IMcJB59eo
ENGLISH LANGUAGE FOR COMPETITIVE EXAMS,1,3,lec3,lec3.doc,2h1Oaifi8mw
ENGLISH LANGUAGE FOR COMPETITIVE EXAMS,1,4,lec4,lec4.doc,Q747Wdx7J1g
ENGLISH LANGUAGE FOR COMPETITIVE EXAMS,1,5,lec5,lec5.doc,32RY6Cz7XrQ
ENGLISH LANGUAGE FOR COMPETITIVE EXAMS,2,6,lec6,lec6.doc,4Ua5p0qV6nk
ENGLISH LANGUAGE FOR COMPETITIVE EXAMS,2,7,lec7,lec7.doc,8uCA0zfkX0s
ENGLISH LANGUAGE FOR COMPETITIVE EXAMS,2,8,lec8,lec8.doc,jJUXEcMR6Ys
ENGLISH LANGUAGE FOR COMPETITIVE EXAMS,2,9,lec9,lec9.doc,d-B3q3nHxfw
ENGLISH LANGUAGE FOR COMPETITIVE EXAMS,2,10,lec10,lec10.doc,EtiR961FVJc
ENGLISH LANGUAGE FOR COMPETITIVE EXAMS,3,11,lec11,lec11.doc,sSiJvEdpDYE
ENGLISH LANGUAGE FOR COMPETITIVE EXAMS,3,12,lec12,lec12.doc,VxTksctfK9E
ENGLISH LANGUAGE FOR COMPETITIVE EXAMS,3,13,lec13,lec13.doc,i4ESLfYkCbs
ENGLISH LANGUAGE FOR COMPETITIVE EXAMS,3,14,lec14,lec14.doc,rx4kutkI0tU
ENGLISH LANGUAGE FOR COMPETITIVE EXAMS,3,15,lec15,lec15.doc,zi_YKxebQw4
ENGLISH LANGUAGE FOR COMPETITIVE EXAMS,3,16,lec16,lec16.doc,xY7z3nZOHqk
ENGLISH LANGUAGE FOR COMPETITIVE EXAMS,4,17,lec17,lec17.doc,Ik31Rho7YWE
ENGLISH LANGUAGE FOR COMPETITIVE EXAMS,4,18,lec18,lec18.doc,m6upOc0KEXk
ENGLISH LANGUAGE FOR COMPETITIVE EXAMS,4,19,lec19,lec19.doc,HVNAqm7of-Q
ENGLISH LANGUAGE FOR COMPETITIVE EXAMS,4,20,lec20,lec20.doc,fo6VkPBHxQo
ENGLISH LANGUAGE FOR COMPETITIVE EXAMS,4,21,lec21,lec21.doc,W4V8tIl5U-Q
ENGLISH LANGUAGE FOR COMPETITIVE EXAMS,5,22,lec22,lec22.doc,t546u6S4SP0
ENGLISH LANGUAGE FOR COMPETITIVE EXAMS,5,23,lec23,lec23.doc,d6mq7WdOfIc
ENGLISH LANGUAGE FOR COMPETITIVE EXAMS,5,24,lec24,lec24.doc,pyUSmYOJnR0
ENGLISH LANGUAGE FOR COMPETITIVE EXAMS,5,25,lec25,lec25.doc,mgLlPJkxmFU
ENGLISH LANGUAGE FOR COMPETITIVE EXAMS,5,26,lec26,lec26.doc,iiLcPbz9FCc
ENGLISH LANGUAGE FOR COMPETITIVE EXAMS,6,27,lec27,lec27.doc,mHdCTzPpY4c
ENGLISH LANGUAGE FOR COMPETITIVE EXAMS,6,28,lec28,lec28.doc,T7V37uhAWHs
ENGLISH LANGUAGE FOR COMPETITIVE EXAMS,6,29,lec29,lec29.doc,0VLP8yiHzbo
ENGLISH LANGUAGE FOR COMPETITIVE EXAMS,6,30,lec30,lec30.doc,1UGVPiJhl-w
ENGLISH LANGUAGE FOR COMPETITIVE EXAMS,7,31,lec31,lec31.doc,NIIYvO8k31E
ENGLISH LANGUAGE FOR COMPETITIVE EXAMS,7,32,lec32,lec32.doc,9_6hgx9pPGs
ENGLISH LANGUAGE FOR COMPETITIVE EXAMS,7,33,lec33,lec33.doc,WC-hK0ZBXl0
ENGLISH LANGUAGE FOR COMPETITIVE EXAMS,7,34,lec34,lec34.doc,L7UT6kzhMiI
ENGLISH LANGUAGE FOR COMPETITIVE EXAMS,7,35,lec35,lec35.doc,xkd2Qqkfde8
ENGLISH LANGUAGE FOR COMPETITIVE EXAMS,8,36,lec36,lec36.doc,c00UA7DzsDo
ENGLISH LANGUAGE FOR COMPETITIVE EXAMS,8,37,lec37,lec37.doc,5EtT99ILpO4
ENGLISH LANGUAGE FOR COMPETITIVE EXAMS,8,38,lec38,lec38.doc,ReHCx-ytyPc
ENGLISH LANGUAGE FOR COMPETITIVE EXAMS,8,39,lec39,lec39.doc,3PPBGjen5jM
ENGLISH LANGUAGE FOR COMPETITIVE EXAMS,9,40,lec40,lec40.doc,h2iEWdQUT7E
ENGLISH LANGUAGE FOR COMPETITIVE EXAMS,9,41,lec41,lec41.doc,JAf7FMbAv30
ENGLISH LANGUAGE FOR COMPETITIVE EXAMS,9,42,lec42,lec42.doc,wusGEUD5ffI
ENGLISH LANGUAGE FOR COMPETITIVE EXAMS,9,43,lec43,lec43.doc,YTO0RDY_lU0
ENGLISH LANGUAGE FOR COMPETITIVE EXAMS,9,44,lec44,lec44.doc,hscIN3s_3WY
ENGLISH LANGUAGE FOR COMPETITIVE EXAMS,10,45,lec45,lec45.doc,7CYZYYDYQdI
ENGLISH LANGUAGE FOR COMPETITIVE EXAMS,10,46,lec46,lec46.doc,15ExnrhBs5k
ENGLISH LANGUAGE FOR COMPETITIVE EXAMS,10,47,lec47,lec47.doc,TMYTIL79BWw
ENGLISH LANGUAGE FOR COMPETITIVE EXAMS,10,48,lec48,lec48.doc,n7bjpJqVs7k
ENGLISH LANGUAGE FOR COMPETITIVE EXAMS,10,49,lec49,lec49.doc,uDAUfKh0BOY
ENGLISH LANGUAGE FOR COMPETITIVE EXAMS,10,50,lec50,lec50.doc,G7BQGxntcg4
ENGLISH LANGUAGE FOR COMPETITIVE EXAMS,11,51,lec51,lec51.doc,4iUeZe0XUOQ
ENGLISH LANGUAGE FOR COMPETITIVE EXAMS,11,52,lec52,lec52.doc,yW0TpN24yY0
ENGLISH LANGUAGE FOR COMPETITIVE EXAMS,11,53,lec53,lec53.doc,lOcKh7yDJ5k
ENGLISH LANGUAGE FOR COMPETITIVE EXAMS,11,54,lec54,lec54.doc,dE4DsuMskvk
ENGLISH LANGUAGE FOR COMPETITIVE EXAMS,11,55,lec55,lec55.doc,al_CNjYmT6g
ENGLISH LANGUAGE FOR COMPETITIVE EXAMS,11,56,lec56,lec56.doc,-Gt_UKFQdH0
ENGLISH LANGUAGE FOR COMPETITIVE EXAMS,12,57,lec57,lec57.doc,mBt7KpIfUVI
ENGLISH LANGUAGE FOR COMPETITIVE EXAMS,12,58,lec58,lec58.doc,osk4BmczDEE
ENGLISH LANGUAGE FOR COMPETITIVE EXAMS,12,59,lec59,lec59.doc,vpf7JQ7_04k
ENGLISH LANGUAGE FOR COMPETITIVE EXAMS,12,60,lec60,lec60.doc,
ENGLISH LANGUAGE FOR COMPETITIVE EXAMS,12,60,lec60,lec60.doc,
APPLIED THERMODYNAMICS FOR ENGINEERS,1,1,lec1,lec1.doc,jQepo3O4IN8
APPLIED THERMODYNAMICS FOR ENGINEERS,1,2,lec2,lec2.doc,X9h0lfn6jmk
APPLIED THERMODYNAMICS FOR ENGINEERS,1,3,lec3,lec3.doc,rUB-hpek0NE
APPLIED THERMODYNAMICS FOR ENGINEERS,1,4,lec4,lec4.doc,XgFepIs65do
APPLIED THERMODYNAMICS FOR ENGINEERS,2,5,lec5,lec5.doc,Th-LQz5bBJA
APPLIED THERMODYNAMICS FOR ENGINEERS,2,6,lec6,lec6.doc,Vz5MYK1TT4I
APPLIED THERMODYNAMICS FOR ENGINEERS,2,7,lec7,lec7.doc,pTnNGhlfDRM
APPLIED THERMODYNAMICS FOR ENGINEERS,3,8,lec8,lec8.doc,5Bmmp5PyK_I
APPLIED THERMODYNAMICS FOR ENGINEERS,3,9,lec9,lec9.doc,nxuZNZuHHg0
APPLIED THERMODYNAMICS FOR ENGINEERS,3,10,lec10,lec10.doc,v_Osf5gy8OY
APPLIED THERMODYNAMICS FOR ENGINEERS,4,11,lec11,lec11.doc,dzoQ3VEi7YI
APPLIED THERMODYNAMICS FOR ENGINEERS,4,12,lec12,lec12.doc,LDXLOCTeJQE
APPLIED THERMODYNAMICS FOR ENGINEERS,4,13,lec13,lec13.doc,LOlLn9qTi_s
APPLIED THERMODYNAMICS FOR ENGINEERS,5,14,lec14,lec14.doc,GXFP4QEYsYc
APPLIED THERMODYNAMICS FOR ENGINEERS,5,15,lec15,lec15.doc,zRoHhEQy2x8
APPLIED THERMODYNAMICS FOR ENGINEERS,5,16,lec16,lec16.doc,do1zXqVA84Y
APPLIED THERMODYNAMICS FOR ENGINEERS,6,17,lec17,lec17.doc,_LSq4iPqHPY
APPLIED THERMODYNAMICS FOR ENGINEERS,6,18,lec18,lec18.doc,oh5HgxEz6dk
APPLIED THERMODYNAMICS FOR ENGINEERS,6,19,lec19,lec19.doc,OsYA6gPFPrk
APPLIED THERMODYNAMICS FOR ENGINEERS,7,20,lec20,lec20.doc,_p37fcGNAMs
APPLIED THERMODYNAMICS FOR ENGINEERS,7,21,lec21,lec21.doc,r91H_ajQxFA
APPLIED THERMODYNAMICS FOR ENGINEERS,7,22,lec22,lec22.doc,FFHhMxTAT5k
APPLIED THERMODYNAMICS FOR ENGINEERS,7,23,lec23,lec23.doc,bsVv0Y-pzk4
APPLIED THERMODYNAMICS FOR ENGINEERS,8,24,lec24,lec24.doc,y15FOQrLjvQ
APPLIED THERMODYNAMICS FOR ENGINEERS,8,25,lec25,lec25.doc,rD7pUUTSR4o
APPLIED THERMODYNAMICS FOR ENGINEERS,9,26,lec26,lec26.doc,nQYFVbPMqMw
APPLIED THERMODYNAMICS FOR ENGINEERS,9,27,lec27,lec27.doc,apo0oi6od6w
APPLIED THERMODYNAMICS FOR ENGINEERS,9,28,lec28,lec28.doc,koXYToNmyWY
APPLIED THERMODYNAMICS FOR ENGINEERS,9,29,lec29,lec29.doc,FV7IFrLWncg
APPLIED THERMODYNAMICS FOR ENGINEERS,10,30,lec30,lec30.doc,hjBeV0d1614
APPLIED THERMODYNAMICS FOR ENGINEERS,10,31,lec31,lec31.doc,Evq1-A4Kb48
APPLIED THERMODYNAMICS FOR ENGINEERS,11,32,lec32,lec32.doc,WaGkG7osq9o
APPLIED THERMODYNAMICS FOR ENGINEERS,11,33,lec33,lec33.doc,gJMd60Ph3g0
APPLIED THERMODYNAMICS FOR ENGINEERS,11,34,lec34,lec34.doc,bxie627IRgU
APPLIED THERMODYNAMICS FOR ENGINEERS,12,35,lec35,lec35.doc,X5e-6Qm5_j4
APPLIED THERMODYNAMICS FOR ENGINEERS,12,36,lec36,lec36.doc,qA7iCBljU0M
FLUID DYNAMICS AND TURBOMACHINES,1,1,lec1,lec1.doc,wlPXZrP9vR8
FLUID DYNAMICS AND TURBOMACHINES,1,2,lec2,lec2.doc,HO38IwiFdmg
FLUID DYNAMICS AND TURBOMACHINES,1,3,lec3,lec3.doc,r2EReSt8QhQ
FLUID DYNAMICS AND TURBOMACHINES,1,4,lec4,lec4.doc,DzKTmuZYiOc
FLUID DYNAMICS AND TURBOMACHINES,2,5,lec5,lec5.doc,ERdmuPgExD8
FLUID DYNAMICS AND TURBOMACHINES,2,6,lec6,lec6.doc,s-7uZBaPjpI
FLUID DYNAMICS AND TURBOMACHINES,2,7,lec7,lec7.doc,cvLhXs6CegM
FLUID DYNAMICS AND TURBOMACHINES,2,8,lec8,lec8.doc,OtcUQHC0Sr0
FLUID DYNAMICS AND TURBOMACHINES,3,9,lec9,lec9.doc,bJ5Pojfvv9g
FLUID DYNAMICS AND TURBOMACHINES,3,10,lec10,lec10.doc,w-V1VPtlCJE
FLUID DYNAMICS AND TURBOMACHINES,3,11,lec11,lec11.doc,N1IalwWWGjU
FLUID DYNAMICS AND TURBOMACHINES,3,12,lec12,lec12.doc,Q6YICakDrpk
FLUID DYNAMICS AND TURBOMACHINES,4,13,lec13,lec13.doc,Km5GrCpcp6I
FLUID DYNAMICS AND TURBOMACHINES,4,14,lec14,lec14.doc,ILVvDUpeYms
FLUID DYNAMICS AND TURBOMACHINES,4,15,lec15,lec15.doc,x2_wkrv8j3s
FLUID DYNAMICS AND TURBOMACHINES,4,16,lec16,lec16.doc,qLx7ip0eBps
FLUID DYNAMICS AND TURBOMACHINES,5,17,lec17,lec17.doc,6QxxSHZ1624
FLUID DYNAMICS AND TURBOMACHINES,5,18,lec18,lec18.doc,TiJZp-KB6h8
FLUID DYNAMICS AND TURBOMACHINES,5,19,lec19,lec19.doc,1ggnDwCrhe8
FLUID DYNAMICS AND TURBOMACHINES,5,20,lec20,lec20.doc,63lVBSmGNlQ
FLUID DYNAMICS AND TURBOMACHINES,6,21,lec21,lec21.doc,8deGbeRrTk4
FLUID DYNAMICS AND TURBOMACHINES,6,22,lec22,lec22.doc,6Opq1_RfsOo
FLUID DYNAMICS AND TURBOMACHINES,6,23,lec23,lec23.doc,z4Xd78UExqQ
FLUID DYNAMICS AND TURBOMACHINES,6,24,lec24,lec24.doc,Ss-7fVhO_3A
FLUID DYNAMICS AND TURBOMACHINES,7,25,lec25,lec25.doc,S_IK--sMmlk
FLUID DYNAMICS AND TURBOMACHINES,7,26,lec26,lec26.doc,T3PYZsQevHU
FLUID DYNAMICS AND TURBOMACHINES,7,27,lec27,lec27.doc,9jAZ2eWy-Q4
FLUID DYNAMICS AND TURBOMACHINES,7,28,lec28,lec28.doc,JB_VwxhAeGU
FLUID DYNAMICS AND TURBOMACHINES,7,29,lec29,lec29.doc,6aCKxtHqH-s
FLUID DYNAMICS AND TURBOMACHINES,7,30,lec30,lec30.doc,QMa2cLYpW8w
FLUID DYNAMICS AND TURBOMACHINES,8,31,lec31,lec31.doc,WWLA9JuzvE0
FLUID DYNAMICS AND TURBOMACHINES,8,32,lec32,lec32.doc,Cssv58D-yCs
FLUID DYNAMICS AND TURBOMACHINES,8,33,lec33,lec33.doc,KiJJCvUEdq4
FLUID DYNAMICS AND TURBOMACHINES,8,34,lec34,lec34.doc,EDuWXKJAy7A
ENGINEERING MECHANICS: 112106286,1,1,lec1,lec1.doc,nGfVTNfNwnk
ENGINEERING MECHANICS: 112106286,1,2,lec2,lec2.doc,nkg7VNW9UCc
ENGINEERING MECHANICS: 112106286,1,3,lec3,lec3.doc,6u_rjLjv-MY
ENGINEERING MECHANICS: 112106286,1,4,lec4,lec4.doc,Fudcc0JoXdo
ENGINEERING MECHANICS: 112106286,2,5,lec5,lec5.doc,ljDIIMvx-eg
ENGINEERING MECHANICS: 112106286,2,6,lec6,lec6.doc,aiT5mcuXf5Y
ENGINEERING MECHANICS: 112106286,2,7,lec7,lec7.doc,lheoBL2QaqU
ENGINEERING MECHANICS: 112106286,3,8,lec8,lec8.doc,UsMyQ7yPHk8
ENGINEERING MECHANICS: 112106286,3,9,lec9,lec9.doc,ef-5HtnBubU
ENGINEERING MECHANICS: 112106286,3,10,lec10,lec10.doc,z95UW4wwzSc
ENGINEERING MECHANICS: 112106286,4,11,lec11,lec11.doc,74pm8A0RJ-0
ENGINEERING MECHANICS: 112106286,4,12,lec12,lec12.doc,SULxL3MJEow
ENGINEERING MECHANICS: 112106286,4,13,lec13,lec13.doc,kgQz_cgkIgE
ENGINEERING MECHANICS: 112106286,5,14,lec14,lec14.doc,tJw_-gx-i-0
ENGINEERING MECHANICS: 112106286,5,15,lec15,lec15.doc,6n61rjociHQ
ENGINEERING MECHANICS: 112106286,5,16,lec16,lec16.doc,zGsGupbv_SI
ENGINEERING MECHANICS: 112106286,6,17,lec17,lec17.doc,veYrZhX71jA
ENGINEERING MECHANICS: 112106286,6,18,lec18,lec18.doc,VQRcChR9IkU
ENGINEERING MECHANICS: 112106286,6,19,lec19,lec19.doc,jpvt1D4jG9w
ENGINEERING MECHANICS: 112106286,7,20,lec20,lec20.doc,BytusqcT_F0
ENGINEERING MECHANICS: 112106286,7,21,lec21,lec21.doc,LBMHPeJNB4E
ENGINEERING MECHANICS: 112106286,7,22,lec22,lec22.doc,3-aNY5FtU6k
ENGINEERING MECHANICS: 112106286,8,23,lec23,lec23.doc,4nsHcDAklkM
ENGINEERING MECHANICS: 112106286,8,24,lec24,lec24.doc,WYljyXfoi70
ENGINEERING MECHANICS: 112106286,8,25,lec25,lec25.doc,PC8haaI5gGs
ENGINEERING MECHANICS: 112106286,9,26,lec26,lec26.doc,AOkckB3m1sA
ENGINEERING MECHANICS: 112106286,9,27,lec27,lec27.doc,P7zg_Eruudw
ENGINEERING MECHANICS: 112106286,9,28,lec28,lec28.doc,wEAFF38Ud8k
ENGINEERING MECHANICS: 112106286,10,29,lec29,lec29.doc,dKPg0cTBh1A
ENGINEERING MECHANICS: 112106286,10,30,lec30,lec30.doc,0AiJBf9Plvc
ENGINEERING MECHANICS: 112106286,10,31,lec31,lec31.doc,LMbxnnZbJFQ
ENGINEERING MECHANICS: 112106286,11,32,lec32,lec32.doc,YqLrGi7P2qE
ENGINEERING MECHANICS: 112106286,11,33,lec33,lec33.doc,1I5M0lVFzxA
ENGINEERING MECHANICS: 112106286,11,34,lec34,lec34.doc,mLhLkW0xO4o
ENGINEERING MECHANICS: 112106286,12,35,lec35,lec35.doc,Bq9cc7sSm_g
ENGINEERING MECHANICS: 112106286,12,36,lec36,lec36.doc,8n13kvHARaw
ENGINEERING MECHANICS: 112106286,12,37,lec37,lec37.doc,5zVNQopaEBI
AN INTRODUCTION TO MATERIALS: NATURE AND PROPERTIES (PART 1: STRUCTURE OF MATERIALS),1,1,lec1,lec1.doc,bcHlZ7CfAGs
AN INTRODUCTION TO MATERIALS: NATURE AND PROPERTIES (PART 1: STRUCTURE OF MATERIALS),1,2,lec2,lec2.doc,T55Ez5CBONM
AN INTRODUCTION TO MATERIALS: NATURE AND PROPERTIES (PART 1: STRUCTURE OF MATERIALS),1,3,lec3,lec3.doc,sUqBb_Kl9bA
AN INTRODUCTION TO MATERIALS: NATURE AND PROPERTIES (PART 1: STRUCTURE OF MATERIALS),1,4,lec4,lec4.doc,asknyQU9K38
AN INTRODUCTION TO MATERIALS: NATURE AND PROPERTIES (PART 1: STRUCTURE OF MATERIALS),1,5,lec5,lec5.doc,Wj1xniki4CI
AN INTRODUCTION TO MATERIALS: NATURE AND PROPERTIES (PART 1: STRUCTURE OF MATERIALS),2,6,lec6,lec6.doc,iA-YdGe_QWQ
AN INTRODUCTION TO MATERIALS: NATURE AND PROPERTIES (PART 1: STRUCTURE OF MATERIALS),2,7,lec7,lec7.doc,vTFC9_8jKUI
AN INTRODUCTION TO MATERIALS: NATURE AND PROPERTIES (PART 1: STRUCTURE OF MATERIALS),2,8,lec8,lec8.doc,91zWjHEHi-A
AN INTRODUCTION TO MATERIALS: NATURE AND PROPERTIES (PART 1: STRUCTURE OF MATERIALS),2,9,lec9,lec9.doc,KHvAht9vQRY
AN INTRODUCTION TO MATERIALS: NATURE AND PROPERTIES (PART 1: STRUCTURE OF MATERIALS),2,10,lec10,lec10.doc,BA90OoABm5M
AN INTRODUCTION TO MATERIALS: NATURE AND PROPERTIES (PART 1: STRUCTURE OF MATERIALS),3,11,lec11,lec11.doc,aVgRwyMMfnU
AN INTRODUCTION TO MATERIALS: NATURE AND PROPERTIES (PART 1: STRUCTURE OF MATERIALS),3,12,lec12,lec12.doc,K56F9ApPOgY
AN INTRODUCTION TO MATERIALS: NATURE AND PROPERTIES (PART 1: STRUCTURE OF MATERIALS),3,13,lec13,lec13.doc,Md8Boi2X2i4
AN INTRODUCTION TO MATERIALS: NATURE AND PROPERTIES (PART 1: STRUCTURE OF MATERIALS),3,14,lec14,lec14.doc,Fr-8fKCKVfE
AN INTRODUCTION TO MATERIALS: NATURE AND PROPERTIES (PART 1: STRUCTURE OF MATERIALS),3,15,lec15,lec15.doc,L-GLg-JHTxk
AN INTRODUCTION TO MATERIALS: NATURE AND PROPERTIES (PART 1: STRUCTURE OF MATERIALS),4,16,lec16,lec16.doc,SuoEL8Updm4
AN INTRODUCTION TO MATERIALS: NATURE AND PROPERTIES (PART 1: STRUCTURE OF MATERIALS),4,17,lec17,lec17.doc,6TmU3_HHFp0
AN INTRODUCTION TO MATERIALS: NATURE AND PROPERTIES (PART 1: STRUCTURE OF MATERIALS),4,18,lec18,lec18.doc,S2Xj9E_uxTU
AN INTRODUCTION TO MATERIALS: NATURE AND PROPERTIES (PART 1: STRUCTURE OF MATERIALS),4,19,lec19,lec19.doc,8PjvS80Dn_M
AN INTRODUCTION TO MATERIALS: NATURE AND PROPERTIES (PART 1: STRUCTURE OF MATERIALS),4,20,lec20,lec20.doc,KKzR-zHeTNw
AN INTRODUCTION TO MATERIALS: NATURE AND PROPERTIES (PART 1: STRUCTURE OF MATERIALS),5,21,lec21,lec21.doc,RaXxWFgaIbA
AN INTRODUCTION TO MATERIALS: NATURE AND PROPERTIES (PART 1: STRUCTURE OF MATERIALS),5,22,lec22,lec22.doc,N-7Um-Toj4g
AN INTRODUCTION TO MATERIALS: NATURE AND PROPERTIES (PART 1: STRUCTURE OF MATERIALS),5,23,lec23,lec23.doc,9mLgYRxISdY
AN INTRODUCTION TO MATERIALS: NATURE AND PROPERTIES (PART 1: STRUCTURE OF MATERIALS),5,24,lec24,lec24.doc,2nUscj8ZqvM
AN INTRODUCTION TO MATERIALS: NATURE AND PROPERTIES (PART 1: STRUCTURE OF MATERIALS),5,25,lec25,lec25.doc,VPxvB3rflgk
AN INTRODUCTION TO MATERIALS: NATURE AND PROPERTIES (PART 1: STRUCTURE OF MATERIALS),6,26,lec26,lec26.doc,ZPUjXI7M5Fs
AN INTRODUCTION TO MATERIALS: NATURE AND PROPERTIES (PART 1: STRUCTURE OF MATERIALS),6,27,lec27,lec27.doc,DMsjAHveVlg
AN INTRODUCTION TO MATERIALS: NATURE AND PROPERTIES (PART 1: STRUCTURE OF MATERIALS),6,28,lec28,lec28.doc,cCjllLtE8p4
AN INTRODUCTION TO MATERIALS: NATURE AND PROPERTIES (PART 1: STRUCTURE OF MATERIALS),6,29,lec29,lec29.doc,mED4lR15J7c
AN INTRODUCTION TO MATERIALS: NATURE AND PROPERTIES (PART 1: STRUCTURE OF MATERIALS),6,30,lec30,lec30.doc,lvKCW2HByUg
AN INTRODUCTION TO MATERIALS: NATURE AND PROPERTIES (PART 1: STRUCTURE OF MATERIALS),7,31,lec31,lec31.doc,oiaOeOXbbk4
AN INTRODUCTION TO MATERIALS: NATURE AND PROPERTIES (PART 1: STRUCTURE OF MATERIALS),7,32,lec32,lec32.doc,xajpJtE8oLU
AN INTRODUCTION TO MATERIALS: NATURE AND PROPERTIES (PART 1: STRUCTURE OF MATERIALS),7,33,lec33,lec33.doc,SiyHrKQHqTg
AN INTRODUCTION TO MATERIALS: NATURE AND PROPERTIES (PART 1: STRUCTURE OF MATERIALS),7,34,lec34,lec34.doc,VxdXXAncRU4
AN INTRODUCTION TO MATERIALS: NATURE AND PROPERTIES (PART 1: STRUCTURE OF MATERIALS),7,35,lec35,lec35.doc,E12mn5U77AQ
AN INTRODUCTION TO MATERIALS: NATURE AND PROPERTIES (PART 1: STRUCTURE OF MATERIALS),8,36,lec36,lec36.doc,WD4Dvto0HGc
AN INTRODUCTION TO MATERIALS: NATURE AND PROPERTIES (PART 1: STRUCTURE OF MATERIALS),8,37,lec37,lec37.doc,DyZ_Vwg5Zio
AN INTRODUCTION TO MATERIALS: NATURE AND PROPERTIES (PART 1: STRUCTURE OF MATERIALS),8,38,lec38,lec38.doc,AHZXGsugcPk
AN INTRODUCTION TO MATERIALS: NATURE AND PROPERTIES (PART 1: STRUCTURE OF MATERIALS),8,39,lec39,lec39.doc,sYX5aHAEtmc
AN INTRODUCTION TO MATERIALS: NATURE AND PROPERTIES (PART 1: STRUCTURE OF MATERIALS),8,40,lec40,lec40.doc,T_ulQTxXLiY
Fundamentals of electronic materials and devices,1,1,lec1,lec1.doc,G41t_0CqPzY
Fundamentals of electronic materials and devices,1,2,lec2,lec2.doc,k6ZxP9Yr02E
Fundamentals of electronic materials and devices,1,3,lec3,lec3.doc,UgIfFKeLy-0
Fundamentals of electronic materials and devices,2,4,lec4,lec4.doc,xtBCGqFK3Pk
Fundamentals of electronic materials and devices,2,5,lec5,lec5.doc,JZN3DAaeOB8
Fundamentals of electronic materials and devices,2,6,lec6,lec6.doc,i0_BeANqHO0
Fundamentals of electronic materials and devices,3,7,lec7,lec7.doc,id-O6ZFB72s
Fundamentals of electronic materials and devices,3,8,lec8,lec8.doc,7RxBbz8xCg4
Fundamentals of electronic materials and devices,3,9,lec9,lec9.doc,2zWjG6ZrU0M
Fundamentals of electronic materials and devices,3,10,lec10,lec10.doc,UHFqNLEMsI0
Fundamentals of electronic materials and devices,4,11,lec11,lec11.doc,LeXmumwCyDY
Fundamentals of electronic materials and devices,4,12,lec12,lec12.doc,CT6olzelSKQ
Fundamentals of electronic materials and devices,4,13,lec13,lec13.doc,bdnHTkrKWfc
Fundamentals of electronic materials and devices,4,14,lec14,lec14.doc,hZxPup38nQ0
Fundamentals of electronic materials and devices,5,15,lec15,lec15.doc,xRHrnjqxTtA
Fundamentals of electronic materials and devices,5,16,lec16,lec16.doc,RIZvcp8XRcQ
Fundamentals of electronic materials and devices,5,17,lec17,lec17.doc,GsbW3rhTjRQ
Fundamentals of electronic materials and devices,6,18,lec18,lec18.doc,UgOM9WXp57k
Fundamentals of electronic materials and devices,6,19,lec19,lec19.doc,MuBiC9yz2fc
Fundamentals of electronic materials and devices,6,20,lec20,lec20.doc,c4QqIufdNfs
Fundamentals of electronic materials and devices,7,21,lec21,lec21.doc,WWjldCmRteg
Fundamentals of electronic materials and devices,7,22,lec22,lec22.doc,FJknBjBJrOM
Fundamentals of electronic materials and devices,7,23,lec23,lec23.doc,RT4oxl0AGTg
Fundamentals of electronic materials and devices,7,24,lec24,lec24.doc,QdN_JhOlffk
Fundamentals of electronic materials and devices,8,25,lec25,lec25.doc,jqQrGYHBFDc
Fundamentals of electronic materials and devices,8,26,lec26,lec26.doc,mCgXsEyQZSI
Fundamentals of electronic materials and devices,8,27,lec27,lec27.doc,G8E9ZdEGJT4
Fundamentals of electronic materials and devices,9,28,lec28,lec28.doc,sIy4Tlh3Xmo
INTRODUCTION TO ELECTROMAGNETIC THEORY,1,1,lec1,lec1.doc,EiX3R6IkDDU
INTRODUCTION TO ELECTROMAGNETIC THEORY,1,2,lec2,lec2.doc,4rnHvS5Cphg
INTRODUCTION TO ELECTROMAGNETIC THEORY,1,3,lec3,lec3.doc,a-WXzerFq4E
INTRODUCTION TO ELECTROMAGNETIC THEORY,1,4,lec4,lec4.doc,9oxqQ_XvDKc
INTRODUCTION TO ELECTROMAGNETIC THEORY,1,5,lec5,lec5.doc,Ih4H5NU7m2A
INTRODUCTION TO ELECTROMAGNETIC THEORY,1,6,lec6,lec6.doc,LOGy8hBTQEQ
INTRODUCTION TO ELECTROMAGNETIC THEORY,1,7,lec7,lec7.doc,BRvheQWQByM
INTRODUCTION TO ELECTROMAGNETIC THEORY,1,8,lec8,lec8.doc,d-Aw476SIgg
INTRODUCTION TO ELECTROMAGNETIC THEORY,1,9,lec9,lec9.doc,_0wdaHlJgK8
INTRODUCTION TO ELECTROMAGNETIC THEORY,1,10,lec10,lec10.doc,-wTFNGnQG-k
INTRODUCTION TO ELECTROMAGNETIC THEORY,1,11,lec11,lec11.doc,tDJ-UnPIzV0
INTRODUCTION TO ELECTROMAGNETIC THEORY,1,12,lec12,lec12.doc,HhTneJW91Jw
INTRODUCTION TO ELECTROMAGNETIC THEORY,1,13,lec13,lec13.doc,rj4RWIfGy7U
INTRODUCTION TO ELECTROMAGNETIC THEORY,1,14,lec14,lec14.doc,Z4z1p41KngI
INTRODUCTION TO ELECTROMAGNETIC THEORY,1,15,lec15,lec15.doc,6Wnl_UmJj1A
INTRODUCTION TO ELECTROMAGNETIC THEORY,1,16,lec16,lec16.doc,cJtHMwQ218g
INTRODUCTION TO ELECTROMAGNETIC THEORY,1,17,lec17,lec17.doc,DNkfniw8uc8
INTRODUCTION TO ELECTROMAGNETIC THEORY,1,18,lec18,lec18.doc,VHyBOKd4kAw
INTRODUCTION TO ELECTROMAGNETIC THEORY,1,19,lec19,lec19.doc,0qHPZ2nmEbQ
INTRODUCTION TO ELECTROMAGNETIC THEORY,1,20,lec20,lec20.doc,os2tn5et-hs
INTRODUCTION TO ELECTROMAGNETIC THEORY,3,21,lec21,lec21.doc,5EaUIErxr6c
INTRODUCTION TO ELECTROMAGNETIC THEORY,3,22,lec22,lec22.doc,am0tz4WL4Vo
INTRODUCTION TO ELECTROMAGNETIC THEORY,3,23,lec23,lec23.doc,D-BENeWZtLE
INTRODUCTION TO ELECTROMAGNETIC THEORY,3,24,lec24,lec24.doc,pnKQ8ZjKfSw
INTRODUCTION TO ELECTROMAGNETIC THEORY,3,25,lec25,lec25.doc,SpiezLbyRKg
INTRODUCTION TO ELECTROMAGNETIC THEORY,3,26,lec26,lec26.doc,SE22NvdQFxo
INTRODUCTION TO ELECTROMAGNETIC THEORY,3,27,lec27,lec27.doc,NIrmwZNbBzI
INTRODUCTION TO ELECTROMAGNETIC THEORY,3,28,lec28,lec28.doc,2i1lC3k4JWs
INTRODUCTION TO ELECTROMAGNETIC THEORY,3,29,lec29,lec29.doc,TunlV3TRFFw
INTRODUCTION TO ELECTROMAGNETIC THEORY,3,30,lec30,lec30.doc,EvnpqQ86Me0
INTRODUCTION TO ELECTROMAGNETIC THEORY,4,31,lec31,lec31.doc,udtHn_pb-Ik
INTRODUCTION TO ELECTROMAGNETIC THEORY,4,32,lec32,lec32.doc,28ZhVIEr8ac
INTRODUCTION TO ELECTROMAGNETIC THEORY,4,33,lec33,lec33.doc,5kfjNXKnKIQ
INTRODUCTION TO ELECTROMAGNETIC THEORY,4,34,lec34,lec34.doc,qjsZTBZd1Ms
INTRODUCTION TO ELECTROMAGNETIC THEORY,4,35,lec35,lec35.doc,F2GxJCazddQ
INTRODUCTION TO ELECTROMAGNETIC THEORY,4,36,lec36,lec36.doc,TWn2rLi2hmI
INTRODUCTION TO ELECTROMAGNETIC THEORY,4,37,lec37,lec37.doc,GE0j8mQqiOo
INTRODUCTION TO ELECTROMAGNETIC THEORY,4,38,lec38,lec38.doc,cedeHkK--BY
INTRODUCTION TO ELECTROMAGNETIC THEORY,4,39,lec39,lec39.doc,E-1Oh080wvI
INTRODUCTION TO ELECTROMAGNETIC THEORY,5,40,lec40,lec40.doc,9un_JJFHWjw
INTRODUCTION TO ELECTROMAGNETIC THEORY,5,41,lec41,lec41.doc,SMu1O9-yyzQ
INTRODUCTION TO ELECTROMAGNETIC THEORY,5,42,lec42,lec42.doc,LRXnbgx5NRE
INTRODUCTION TO ELECTROMAGNETIC THEORY,5,43,lec43,lec43.doc,xBAPe4HIWyk
INTRODUCTION TO ELECTROMAGNETIC THEORY,5,44,lec44,lec44.doc,Nal7Aq8iZRc
INTRODUCTION TO ELECTROMAGNETIC THEORY,5,45,lec45,lec45.doc,9VcEpsTtUbY
INTRODUCTION TO ELECTROMAGNETIC THEORY,5,46,lec46,lec46.doc,T61tPYLXzbs
INTRODUCTION TO ELECTROMAGNETIC THEORY,5,47,lec47,lec47.doc,ZieENAz0ABE
INTRODUCTION TO ELECTROMAGNETIC THEORY,5,48,lec48,lec48.doc,te-RUsCt1Rk
INTRODUCTION TO ELECTROMAGNETIC THEORY,6,49,lec49,lec49.doc,E4auhthmAGs
INTRODUCTION TO ELECTROMAGNETIC THEORY,6,50,lec50,lec50.doc,gxmPC76ZgEg
INTRODUCTION TO ELECTROMAGNETIC THEORY,6,51,lec51,lec51.doc,RkK0RABp8P0
INTRODUCTION TO ELECTROMAGNETIC THEORY,6,52,lec52,lec52.doc,zydn7UfyGvc
INTRODUCTION TO ELECTROMAGNETIC THEORY,6,53,lec53,lec53.doc,gK7cxNtar1o
INTRODUCTION TO ELECTROMAGNETIC THEORY,6,54,lec54,lec54.doc,90QaMYXhW7U
INTRODUCTION TO ELECTROMAGNETIC THEORY,6,55,lec55,lec55.doc,kTWFOdkSy4Q
INTRODUCTION TO ELECTROMAGNETIC THEORY,6,56,lec56,lec56.doc,Hxrvfdu4TvA
INTRODUCTION TO ELECTROMAGNETIC THEORY,7,57,lec57,lec57.doc,qudVROHxBLs
INTRODUCTION TO ELECTROMAGNETIC THEORY,7,58,lec58,lec58.doc,nNzFREUShQA
INTRODUCTION TO ELECTROMAGNETIC THEORY,7,59,lec59,lec59.doc,V2yP5nBS5HI
INTRODUCTION TO ELECTROMAGNETIC THEORY,7,60,lec60,lec60.doc,zOEsdxS1goA
INTRODUCTION TO ELECTROMAGNETIC THEORY,7,61,lec61,lec61.doc,gwXpfNsh6gE
INTRODUCTION TO ELECTROMAGNETIC THEORY,7,62,lec62,lec62.doc,88DV7LIjeEQ
INTRODUCTION TO ELECTROMAGNETIC THEORY,7,63,lec63,lec63.doc,UDBUW4ZljYA
INTRODUCTION TO ELECTROMAGNETIC THEORY,7,64,lec64,lec64.doc,w1dVAI0b-48
INTRODUCTION TO ELECTROMAGNETIC THEORY,7,65,lec65,lec65.doc,UdZxZBI-mjE
INTRODUCTION TO ELECTROMAGNETIC THEORY,8,66,lec66,lec66.doc,x4OAZAxPxks
INTRODUCTION TO ELECTROMAGNETIC THEORY,8,67,lec67,lec67.doc,51iz_fiE2ek
INTRODUCTION TO ELECTROMAGNETIC THEORY,8,68,lec68,lec68.doc,WOfLA2sXY2w
INTRODUCTION TO ELECTROMAGNETIC THEORY,8,69,lec69,lec69.doc,fUs3TWkaQGI
INTRODUCTION TO ELECTROMAGNETIC THEORY,8,70,lec70,lec70.doc,rDnEgjDvHXc
INTRODUCTION TO ELECTROMAGNETIC THEORY,8,71,lec71,lec71.doc,dlPc3mIa6T0
INTRODUCTION TO ELECTROMAGNETIC THEORY,8,72,lec72,lec72.doc,pZx_tevcPFE
INTRODUCTION TO ELECTROMAGNETIC THEORY,8,73,lec73,lec73.doc,pt4El6OaQ8I
INTRODUCTION TO ELECTROMAGNETIC THEORY,8,74,lec74,lec74.doc,9wOEtR7FyW0
INTRODUCTION TO ELECTROMAGNETIC THEORY,8,75,lec75,lec75.doc,6Qx-ZleJrVQ
INTRODUCTION TO ELECTROMAGNETIC THEORY,8,76,lec76,lec76.doc,dyiGhtiVuq8
INTRODUCTION TO ELECTROMAGNETIC THEORY,8,77,lec77,lec77.doc,CgYQcg5aZwY
INTRODUCTION TO ELECTROMAGNETIC THEORY,8,78,lec78,lec78.doc,2-9-hdDSNYg
POWER SYSTEM ANALYSIS,1,1,lec1,lec1.doc,UeaTgT2p-WI
POWER SYSTEM ANALYSIS,1,2,lec2,lec2.doc,1KHLiXSjOTU
POWER SYSTEM ANALYSIS,1,3,lec3,lec3.doc,Ks6SXLwkpIU
POWER SYSTEM ANALYSIS,1,4,lec4,lec4.doc,ZWXZMumRpuI
POWER SYSTEM ANALYSIS,1,5,lec5,lec5.doc,tyAV_8VpmLM
POWER SYSTEM ANALYSIS,2,6,lec6,lec6.doc,J8eyJpVLJ54
POWER SYSTEM ANALYSIS,2,7,lec7,lec7.doc,SFGel3DTpEQ
POWER SYSTEM ANALYSIS,2,8,lec8,lec8.doc,_CcydDGwDTY
POWER SYSTEM ANALYSIS,2,9,lec9,lec9.doc,dMEfRw9p9RM
POWER SYSTEM ANALYSIS,2,10,lec10,lec10.doc,mv8nlteUaNU
POWER SYSTEM ANALYSIS,3,11,lec11,lec11.doc,U53brmO6MEY
POWER SYSTEM ANALYSIS,3,12,lec12,lec12.doc,CWLpboXdx0s
POWER SYSTEM ANALYSIS,3,13,lec13,lec13.doc,5cZc7VKGs7o
POWER SYSTEM ANALYSIS,3,14,lec14,lec14.doc,lSSdP-TYCxU
POWER SYSTEM ANALYSIS,3,15,lec15,lec15.doc,jx4Mdp1FF3w
POWER SYSTEM ANALYSIS,4,16,lec16,lec16.doc,dmNlW2q-tbI
POWER SYSTEM ANALYSIS,4,17,lec17,lec17.doc,zdsoaT68vLw
POWER SYSTEM ANALYSIS,4,18,lec18,lec18.doc,b4jP1yqB_fI
POWER SYSTEM ANALYSIS,4,19,lec19,lec19.doc,8TJmUl7D_CY
POWER SYSTEM ANALYSIS,4,20,lec20,lec20.doc,k4t4ON-c26M
POWER SYSTEM ANALYSIS,5,21,lec21,lec21.doc,pT_tBpTvgdg
POWER SYSTEM ANALYSIS,5,22,lec22,lec22.doc,MUz5rvHfR20
POWER SYSTEM ANALYSIS,5,23,lec23,lec23.doc,mh-QEjXwWwE
POWER SYSTEM ANALYSIS,5,24,lec24,lec24.doc,Q4TPrnyd2G4
POWER SYSTEM ANALYSIS,5,25,lec25,lec25.doc,i3beo1xYjW8
POWER SYSTEM ANALYSIS,6,26,lec26,lec26.doc,Za3xjI2SsaI
POWER SYSTEM ANALYSIS,6,27,lec27,lec27.doc,GuiDHThayS8
POWER SYSTEM ANALYSIS,6,28,lec28,lec28.doc,nbKAXv-Rn78
POWER SYSTEM ANALYSIS,6,29,lec29,lec29.doc,m7BMdsZ7Swg
POWER SYSTEM ANALYSIS,6,30,lec30,lec30.doc,Df0eMTizKyg
POWER SYSTEM ANALYSIS,7,31,lec31,lec31.doc,EGsGZ960vkQ
POWER SYSTEM ANALYSIS,7,32,lec32,lec32.doc,2Vr6naUKho4
POWER SYSTEM ANALYSIS,7,33,lec33,lec33.doc,PktOazg04Ng
POWER SYSTEM ANALYSIS,7,34,lec34,lec34.doc,xFPt2hhwPZ4
POWER SYSTEM ANALYSIS,7,35,lec35,lec35.doc,mfdTX6dJ3b0
POWER SYSTEM ANALYSIS,8,36,lec36,lec36.doc,SXISGpCJJ9s
POWER SYSTEM ANALYSIS,8,37,lec37,lec37.doc,Z2xs0pay_ec
POWER SYSTEM ANALYSIS,8,38,lec38,lec38.doc,aUzf-w9i3Sk
POWER SYSTEM ANALYSIS,8,39,lec39,lec39.doc,KdRUY1w-RNo
POWER SYSTEM ANALYSIS,8,40,lec40,lec40.doc,VbgiB8BPCNI
POWER SYSTEM ANALYSIS,9,41,lec41,lec41.doc,3Jen_X4Umkc
POWER SYSTEM ANALYSIS,9,42,lec42,lec42.doc,mOjnezajzFo
POWER SYSTEM ANALYSIS,9,43,lec43,lec43.doc,4CqQMejqROs
POWER SYSTEM ANALYSIS,9,44,lec44,lec44.doc,s0jayv_uIEE
POWER SYSTEM ANALYSIS,9,45,lec45,lec45.doc,93fF8ND1d8Y
POWER SYSTEM ANALYSIS,10,46,lec46,lec46.doc,DNyjmjuRGLw
POWER SYSTEM ANALYSIS,10,47,lec47,lec47.doc,1KzfqQqRRrU
POWER SYSTEM ANALYSIS,10,48,lec48,lec48.doc,l1sT46GQWYI
POWER SYSTEM ANALYSIS,10,49,lec49,lec49.doc,ok0gLbOxlds
POWER SYSTEM ANALYSIS,10,50,lec50,lec50.doc,TiiXNwC70xs
POWER SYSTEM ANALYSIS,11,51,lec51,lec51.doc,-Y_jCxiHjV4
POWER SYSTEM ANALYSIS,11,52,lec52,lec52.doc,aUREejG9AVU
POWER SYSTEM ANALYSIS,11,53,lec53,lec53.doc,_7yuet5F8_U
POWER SYSTEM ANALYSIS,11,54,lec54,lec54.doc,BsQWeb_KRfU
POWER SYSTEM ANALYSIS,11,55,lec55,lec55.doc,slyBsr9u3Co
POWER SYSTEM ANALYSIS,12,56,lec56,lec56.doc,aoIcuJ_dyZg
POWER SYSTEM ANALYSIS,12,56,lec56,lec56.doc,aoIcuJ_dyZg
POWER SYSTEM ANALYSIS,12,56,lec56,lec56.doc,aoIcuJ_dyZg
POWER SYSTEM ANALYSIS,12,57,lec57,lec57.doc,8zZ4woRdp6M
POWER SYSTEM ANALYSIS,12,57,lec57,lec57.doc,8zZ4woRdp6M
POWER SYSTEM ANALYSIS,12,57,lec57,lec57.doc,8zZ4woRdp6M
POWER SYSTEM ANALYSIS,12,58,lec58,lec58.doc,n_ALk0cAPOc
POWER SYSTEM ANALYSIS,12,58,lec58,lec58.doc,n_ALk0cAPOc
POWER SYSTEM ANALYSIS,12,58,lec58,lec58.doc,n_ALk0cAPOc
POWER SYSTEM ANALYSIS,12,59,lec59,lec59.doc,2VeIDzeJkUY
POWER SYSTEM ANALYSIS,12,59,lec59,lec59.doc,2VeIDzeJkUY
POWER SYSTEM ANALYSIS,12,59,lec59,lec59.doc,2VeIDzeJkUY
POWER SYSTEM ANALYSIS,12,60,lec60,lec60.doc,UfPWBuoWEXM
POWER SYSTEM ANALYSIS,12,60,lec60,lec60.doc,UfPWBuoWEXM
POWER SYSTEM ANALYSIS,12,60,lec60,lec60.doc,UfPWBuoWEXM
NON CONVENTIONAL ENERGY RESOURCES,1,1,lec1,lec1.doc,e0nkkKDjY50
NON CONVENTIONAL ENERGY RESOURCES,1,2,lec2,lec2.doc,NUe90_k_pfA
NON CONVENTIONAL ENERGY RESOURCES,1,3,lec3,lec3.doc,EXcNXLv2W3A
NON CONVENTIONAL ENERGY RESOURCES,2,4,lec4,lec4.doc,MLkNHibqUa4
NON CONVENTIONAL ENERGY RESOURCES,2,5,lec5,lec5.doc,EKWQg5Rn0YM
NON CONVENTIONAL ENERGY RESOURCES,2,6,lec6,lec6.doc,18CLG_ey_aU
NON CONVENTIONAL ENERGY RESOURCES,3,7,lec7,lec7.doc,rP53_cqews4
NON CONVENTIONAL ENERGY RESOURCES,3,8,lec8,lec8.doc,Dd20RQNBwGY
NON CONVENTIONAL ENERGY RESOURCES,3,9,lec9,lec9.doc,6jG0SLbxzog
NON CONVENTIONAL ENERGY RESOURCES,4,10,lec10,lec10.doc,sONXzogoMc4
NON CONVENTIONAL ENERGY RESOURCES,4,11,lec11,lec11.doc,3iBf1alBhr8
NON CONVENTIONAL ENERGY RESOURCES,4,12,lec12,lec12.doc,CRFpoZjeWa4
NON CONVENTIONAL ENERGY RESOURCES,5,13,lec13,lec13.doc,oXVpauFyNnw
NON CONVENTIONAL ENERGY RESOURCES,5,14,lec14,lec14.doc,joYF7ZSeshk
NON CONVENTIONAL ENERGY RESOURCES,5,15,lec15,lec15.doc,1b45KKoSZkQ
NON CONVENTIONAL ENERGY RESOURCES,6,16,lec16,lec16.doc,TdmK3IvvKgc
NON CONVENTIONAL ENERGY RESOURCES,6,17,lec17,lec17.doc,kn3g19qlfdM
NON CONVENTIONAL ENERGY RESOURCES,6,18,lec18,lec18.doc,5q1TY0KD4mI
NON CONVENTIONAL ENERGY RESOURCES,7,19,lec19,lec19.doc,AvN29W3NDZ4
NON CONVENTIONAL ENERGY RESOURCES,7,20,lec20,lec20.doc,-f88zBS8jlg
NON CONVENTIONAL ENERGY RESOURCES,7,21,lec21,lec21.doc,RDp28Sgs1Xc
NON CONVENTIONAL ENERGY RESOURCES,8,22,lec22,lec22.doc,hBw1ulI6sAo
NON CONVENTIONAL ENERGY RESOURCES,8,23,lec23,lec23.doc,0Edjj7nEZKI
NON CONVENTIONAL ENERGY RESOURCES,8,24,lec24,lec24.doc,3JXWrKzlkZQ
NON CONVENTIONAL ENERGY RESOURCES,9,25,lec25,lec25.doc,WZBiznycjns
NON CONVENTIONAL ENERGY RESOURCES,9,26,lec26,lec26.doc,JInatzTBiKA
NON CONVENTIONAL ENERGY RESOURCES,9,27,lec27,lec27.doc,adSkrlyd2rQ
NON CONVENTIONAL ENERGY RESOURCES,9,28,lec28,lec28.doc,sJQwJX-YysY
NON CONVENTIONAL ENERGY RESOURCES,10,29,lec29,lec29.doc,zQ0c36Dex3E
NON CONVENTIONAL ENERGY RESOURCES,10,30,lec30,lec30.doc,UrHce693EIc
NON CONVENTIONAL ENERGY RESOURCES,10,31,lec31,lec31.doc,KLAyvM5elaU
NON CONVENTIONAL ENERGY RESOURCES,10,32,lec32,lec32.doc,GtL8VTgUZ2w
NON CONVENTIONAL ENERGY RESOURCES,11,33,lec33,lec33.doc,NR1PfmB_uBs
NON CONVENTIONAL ENERGY RESOURCES,11,34,lec34,lec34.doc,SfcG51eEySc
NON CONVENTIONAL ENERGY RESOURCES,11,35,lec35,lec35.doc,3A5G1Oe7GSE
NON CONVENTIONAL ENERGY RESOURCES,11,36,lec36,lec36.doc,UbFZMbLcIV8
NON CONVENTIONAL ENERGY RESOURCES,12,37,lec37,lec37.doc,r7pLUjUXbn0
NON CONVENTIONAL ENERGY RESOURCES,12,38,lec38,lec38.doc,1n1X2fDrn7g
NON CONVENTIONAL ENERGY RESOURCES,12,39,lec39,lec39.doc,yqsIEpPNZpE
NON CONVENTIONAL ENERGY RESOURCES,12,40,lec40,lec40.doc,awS0L0z_574
